college_code,college_name,district,taluk,address,pincode,phone,email,website,autonomous,hostel_boys,hostel_girls,transport
3,School of Architecture and Planning Anna University Chennai,Chennai  433 District,MAMBALAM / GUINDY,"SARDAR PATEL ROAD, GUINDY,  CHENNAI-600025",600025,4422358490,cegdeanoffice@gmail.com,ceg.annauniv.edu,Yes,Yes,Yes,No
2005,Government College of Technology Autonomous Thadagam Road Coimbatore,Coimbatore District,GUINDY from,"ALAGAPPA COLLEGE OF  TECHNOLOGY, ANNA UNIVERSITY,  SARDAR PATEL ROAD, GUINDY",600025,9444309701,actechau@gmail.com,https://www.annauniv.edu/act/,Yes,Yes,Yes,No
2369,Government College of Engineering Chettikkarai Post,Dharmapuri District,TAMBARAM,"MIT CAMPUS , ANNA UNIVERSITY,  CHROMEPET, CHENNAI",600044,4422516002,dean@mitindia.edu,www.annauniv.edu/www.mitindia.edu,Yes,Yes,Yes,No
2603,Government College of Engineering Autonomous Bargur,Krishnagiri District,CHIDAMBARAM from,"DEAN, FACULTY OF ENGINEERING  AND TECHNOLOGY,ANNAMALAI  UNIVERSITY,ANNAMALAI",608002,9171474175,aufeatdean@gmail.com,www.annamalaiuniversity.ac.in,Yes,Yes,Yes,No
2615,Government College of Engineering Autonomous Karuppur,Salem District,VILLUPURAM,KAKUPPAM,605103,9443268363,ucev_auc@yahoo.com,http://www.aucev.edu.in/index.html,No,Yes,Yes,No
2709,Government Engineering College Formerly Institute of Road and Transport,Erode District,TINDIVANAM,"MELPAKKAM POST, TINDIVANAM.",604307,4147224477,deantindivanam@annauniv.edu,www.aucet.in,No,Yes,Yes,No
3464,Government College of Engineering Gandarvakottai Road Sengipatti Thanjavur,Thanjavur District,ARNI,"DEAN, UNIVERSITY COLLEGE OF  ENGINEERING ARNI, ARNI TO  DEVIKAPURAM ROAD, THATCHUR",632326,4173244400,uceadean@gmail.com,https://www.aucearni.in/,No,Yes,Yes,No
3465,Government College of Engineering Srirangam Sethurappatti Tiruchirappalli,Tiruchirappalli District,KANCHIPURAM,"CHENNAI - BANGALORE HIGHWAY,  PONNERIKARAI, KANCHIPURAM",631552,4427277220,ucekdean@gmail.com,www.aucek.in,No,Yes,Yes,No
5009,Government College of Engineering Melachokkanathapuram Bodinayakkanur,Theni District,AVADI,"""NIZARA EDUCATIONAL CAMPUS"",  MUTHAPUDUPET, IAF, AVADI,  CHENNAI",600055,9894260193,principal@aalimec.ac.in,www.aalimec.ac.in,No,Yes,Yes,Yes
5901,Alagappa Chettair Government College of Engineering and Technology,Sivagangai District,AVADI,"CTH ROAD, PRAKASH NAGAR,  THIRUNINRAVUR,CHENNAI",602024,9444366717,info@jec.ac.in,www.jec.ac.in,No,Yes,Yes,Yes
2006,GOVERNMENT AIDED COLLEGES PSG College of Technology Autonomous Peelamedu,Coimbatore District,TIRUTTANI TALUK,"JAYAVEL NAGAR, KANCHIPADI POST",631204,9965426274,lcrcet@gmail.com,www.jitcollege.edu.in,No,Yes,Yes,Yes
2007,Coimbatore Institute of Technology Autonomous Civil Aerodrome Post,Coimbatore District,TIRUVALLUR,"POONAMALLEE TO TIRUVALLUR  ROAD, ARANVOYALKUPPAM,  TIRUVALLUR",602025,8939908019,principal@prathyusha.edu.in,www.prathyusha.edu.in,,Yes,Yes,Yes
5008,Thiagarajar College of Engineering Autonomous Tirupparankundram Madurai,Madurai District,GUMMIDIPOONDI,"R.S.M NAGAR, KAVARAIPETTAI",601206,9790670444,principal@rmd.ac.in,www.rmd.ac.in,Yes,Yes,Yes,Yes
1321,CECRI AND CIPET Central Institute of Petrochemicals Engineering and Technology Formerly Central,65 CECRI AND CIPET Central Institute of Petrochemicals Engineering and Technology (Formerly Central District,GUMMIDIPOONDI,R.S.M. NAGAR KAVARAIPETTAI,601206,4467906790,principal@rmkec.ac.in,www.rmkec.ac.in,Yes,Yes,Yes,Yes
2343,Indian Institute of Handloom Technology Foulke's Compound Thillai Nagar,Salem District,POONAMALLEE from,"S.A.ENGINEERING  COLLEGE,POONAMALLE-AVADI MAIN  RAOD,THIRUVERKADU",600077,9444001904,principal@saec.ac.in,www.saec.ac.in,Yes,Yes,Yes,Yes
5012,Central Electrochemical Research Institute CECRI Karaikudi,Sivagangai District,THIRUVALLUR from,"THIRUPACHUR, THIRUVALLUR  TALUK & DISTRITHIRUPACHUR,  THIRUVALLUR TALUK &",631203,4427664444,svcetthirupachur@gmail.com,www.sriventech.ac.in,No,Yes,Yes,Yes
1013,CONSTITUENT COLLEGES University College of Engineering Villupuram Kakuppam,Villupuram District,AMBATTUR,"42 AVADI-ALAMATHI ROAD, VEL  NAGAR, AVADI, CHENNA",600062,9789037652,principal@veltechmultitech.org,www.veltechmultitech.org,Yes,Yes,Yes,Yes
1014,University College of Engineering Tindivanam Melpakkam Tindivanam,Villupuram District,MADHAVARAM,"VELAMMAL NEW GEN PARK,  AMBATTUR-REDHILLS ROAD,  SURAPET, CHENNAI - 66",600066,4426591842,principal@velammal.edu.in,www.velammal.edu.in,Yes,Yes,Yes,Yes
1015,University College of Engineering Arni Arni to Devikapuram Road Thatchur Arni,Thiruvannamalai District,THIRUVALLUR,KOLUNDHALUR,631203,4427660437,svis_tech@yahoo.com,www.sverct.in,No,Yes,Yes,Yes
1026,Chennai-Bangalore Highway Karaipettai Village & Post University College of Engineering Kancheepuram Ponnerikarai Campus NH4,Kancheepuram District,AVADI,"NO 60, AVADI-VELTECH ROAD",600062,9789037651,principal@velhightech.com,https://www.velhightech.com,Yes,Yes,Yes,Yes
2025,NavavoorBharathiyar University Post Somayampalayam Anna University Regional Campus - Coimbatore Maruthamalai Main Road,Coimbatore District,PONNERI,"80 FEET ROAD, EDAPALYAM,  REDHILLS, CHENNAI - 600052",600052,7010723984,principal@gojaneducation.com,www.gojaneducation.tech,No,Yes,Yes,Yes
3011,University College of Engineering Tiruchirappalli Bharathidasan Institute of,Tiruchirappalli District,UTHUKOTTAI TALUK,"82, PANAPAKKAM,  CHENNAI-TIRUPATI ROAD, NEAR  PERIYAPALAYAM",601102,9176875133,principal@samsengineering.org,www.samsmarine.org,No,Yes,Yes,Yes
3016,University College of Engineering Ariyalur Kathankudikadu Village Thelur Post,Ariyalur District,AVADI,COLLEGE ROAD ST.PETERS COLLEGE  OF ENGINEERING AND TECHNOLOGY  AVADI CHENNAI,600054,7358110159,spcet2008@gmail.com,www.spcet.ac.in,No,Yes,Yes,Yes
3018,-,Nagappattinam District,GUMMIDIPOONDI,RSM NAGAR PUDUVOYAL,601206,9443980877,principal@rmkcet.ac.in,www.rmkcet.ac.in,Yes,Yes,Yes,Yes
3019,University College of Engineering Panruti Chennai-Kumbakonam Highway,Cuddalore District,CHENGALPATTU,"33,GANDHI  ROAD,NEDUNGUNDRAM,CHENNAI-12  7",600127,9282144444,mail4engcoll@gmail.com,https://avce.annaiveilankannis.com,No,Yes,Yes,Yes
3021,University College of Engineering Pattukkottai ECR Road Rajamadam,Thanjavur District,WALAJA,NH 46 CHENNAI BENGALURU  NATIONAL HIGHWAYS ARAPAKKAM,632517,4172292925,amcet.rtet@gmail.com,www.amcet.in,No,Yes,Yes,Yes
4020,Anna University Regional Campus - Tirunelveli Trivandrum Road Palayamkottai,Tirunelveli District,SRIPERUMBUDUR,"KUNNAM, SUNGUVARCHATRAM,  SRIPERUMBUDUR, CHENNAI",631604,7401222002,office@jeppiaarinstitute.org,www.jeppiaarinstitute.org,No,Yes,Yes,Yes
4023,University College of Engineering Nagercoil Nagercoil Industrial Estate Konam,Kanyakumari District,SHOLINGANALLUR,OLD MAHABALIPURAM ROAD (OMR)  CHENNAI,600119,4424503132,,www.stjosephstechnology.ac.in,Yes,Yes,Yes,Yes
4024,University V.O.C. College of Engineering Thoothukudi Near V.O.C. College,Thoothukudi District,GUMMIDIPPONDI,"51 N, ELAVUR, 58N, NATHAM,  GUMMIDIPOONDI TALUK,  THIRUVALLUR DISTRICT 601201",601201,9442271941,sjiet.tn@gmail.com,www.sjiet.org,No,Yes,Yes,Yes
5010,Anna University Regional Campus - Madurai Kanyakumari National Highway,Madurai District,SRIPERUMBUDHUR,"PRINCIPAL, QUARTERS, DMICE  CAMPUS, PALANCHUR,  NAZARETHPET -POST, CHENNAI",600123,9444405820,principal@dmice.ac.in,www.dmice.ac.in,No,Yes,Yes,Yes
5017,University College of Engineering Ramanathapuram Pullangudi,Ramanathapuram District,SRIPERUMBUDUR,"IRUNGATTUKOTTAI, OPP. HYUNDAI  CAR COMPANY",602117,9444047238,principal@kingsedu.ac.in,www.kingsedu.ac.in,No,Yes,Yes,Yes
5022,University College of Engineering Dindigul MangaraiPirivu Reddiyarchathiram,Dindigul District,KANCHIPURAM,THIMMASAMUTHIRAM,631502,9444224068,pce_kanchi@rediffmail.com,https://www.pallavan.edu.in/about.php,No,Yes,Yes,Yes
1101,SELF FINANCING ENGINEERING COLLEGES Aalim Muhammed Salegh College of Engineering Muthapudupet Avadi IAF,Avadi IAF District,TIRUVALLUR,"BANGALORE TRUNK ROAD,  VARADHARAJAPURAM",600123,4426490404,info@panimalar.ac.in,www.panimalar.ac.in,Yes,Yes,Yes,Yes
1106,Jaya Engineering College Thirunindravur Chennai,Chennai  10 District,SRIPERUMBUDUR,"RAJALAKSHMI NAGAR, THANDALAM,  CHENNAI",602105,4467181111,admin@rajalakshmi.edu.in,www.rajalakshmi.edu.in,Yes,Yes,Yes,Yes
1107,Jaya Institute of Technology Kanchipadi Post Thiruvallur-TiruttaniNH Road,Thiruvallur District,UDUMALPET,99A SRINIVASA STREET UDUMALPET  POST,642126,9444207399,principal@rgce.edu.in,www.rgce.edu.in,No,Yes,Yes,Yes
1110,Prathyusha Engineering college Autonomous Aranvoyalkuppam Thiruvallur,Thiruvallur District,POONAMALLEE,"AGARMEL, NAZARATHPET,  POONAMALLEE, CHENNAI",600123,9840666144,admin@skrenggcollege.org,www.skrec.in,No,Yes,Yes,Yes
1112,R M D Engineering College Autonomous Kavaraipettai Gummidipoondi,Thiruvallur District,SRIPERUMBUDUR,SAVEETHA NAGAR THANDALAM  POST,602105,4466726690,principal@saveetha.ac.in,www.saveetha.ac.in,Yes,Yes,Yes,Yes
1113,R M K Engineering College Autonomous Kavaraipettai Gummidipoondi,Thiruvallur District,POONAMALLEE,SREE SASTHA NAGAR CHENNAI  BANGALORE HIGHWAY  CHEMBARAMBAKKAM CHENNAI,600123,7358039155,principal@ssiet.in,https://sasthainstitutions.in/,No,Yes,Yes,Yes
1114,S A Engineering College Autonomous Thiruverkadu Chennai,Chennai  15 District,KUNDRATHUR,CHIKKARAYAPURAM MANGADU  CHENNAI 600069,600069,4466110200,smitcollege1996@gmail.com,www.smit.edu.in,No,Yes,Yes,Yes
1121,Sri Venkateswara Institute of Science and Technology Kozhundalur Thiruvallur,Thiruvallur District,SRIPERUMBUDUR,"POST BAG NO.1, CHENNAI  BENGALORE HIGH ROAD, PENNALUR,  SRIPERUMBUDUR.",602117,9445694664,principal@svce.ac.in,www.svce.ac.in,Yes,Yes,Yes,Yes
1123,Gojan School of Business and Technology Alamathi Chennai,Chennai  21 District,SRIPERUMBUDUR TALUK from,"IRUNGKATTU KOTTAI,  SRIPERUMBUDUR TALUK,  KANCHEEPURAM DIST, CHENNAI -",602117,9940026861,principal@pbce.co.in,www.pbce.in,No,Yes,Yes,Yes
1124,SAMS College of Engineering and Technology Panappakkam Chennai-Tirupathi,Thiruvallur District,SRIPERUMPUDHUR,"MEVALUR KUPPAM B VILLAGE  ,PALANCHUR,NAZARETHPET  POST,KANCHIPURAM DISTRICT",600123,4426811552,litprincipaloffice@gmail.com,www.litedu.in,No,Yes,Yes,Yes
1125,PMR Engineering College Adayalampattu Chennai- -,Chennai- - District,KANCHIPURAM,"VALLAL P T LEE CHENGALVARAYA  NAICKER NAGAR, OOVERY VILLAGE  VELIYUR POST",631502,4429817222,ptleecncetoffice@gmail.com,www.ptleecncet.com,No,Yes,Yes,Yes
1126,J.N.N Institute of Engineering Autonomous Ushaa Garden Kannigaipair Village,Thiruvallur District,POONAMALLEE,"34, UDAYAVAR KOIL STREET,  THIRUMAZHISAI, CHENNAI - 600124",600124,9884487551,engineering@alphagroup.edu,https://alphagroup.edu/engineering/,No,Yes,Yes,Yes
1130,-,Chengalpattu District,THIRUVALLUR,"NO:1, V.G.R. GARDENS, V.G.R. NAGAR,  PANDUR(POST), PANDUR(VILLAGE)",631203,9841039479,engg.principal@indiraeducational.org,www.indiraeducational.org,No,Yes,Yes,Yes
1132,- Rajalakshmi School of Architecture Thandalam Sriperumpudur Taluk,Kancheepuram District,SRIPERUMBUDUR,"MEVALOORKUPPAM, VALARPURAM  POST",602105,9444035060,aec1230@gmail.com,www.apolloengg.in,No,Yes,Yes,Yes
1133,AnnaiVeilankannis College of Engineering Gandhi Road Nedungundram Chennai,Chennai District,WALAJABAD,"NO.6, MUNU ADHI NAGAR,  SANKARAPURAM, PULIAMBAKKAM  POST",631605,9003625277,office@adhi.edu.in,www.adhi.edu.in,No,Yes,Yes,Yes
1135,Aalim Muhammed Salegh Academy of Architecture Muthapudupet Avadi IAF,Avadi IAF District,PONNERI,"VELAMMAL KNOWLEDGE  PARK,CHENNAI-KOLKATTA  HIGHWAY,PANCHETTI",601204,4422446300,principal@velammalitech.edu.in,WWW.VELAMMALITECH.EDU.IN,No,Yes,Yes,Yes
1138,-,Chengalpattu District,TIRUTTANI,GRT MAHALAKSHMI NAGAR  CHENNAI -TIRUPATHI HIGHWAY  TIRUTTANI,631209,4427887044,grtedu@gmail.com,www.grt.edu.in,No,Yes,Yes,Yes
1140,Jeppiaar Institute of Technology kunnam,Kancheepuram District,GUMMIDIPOONDI,"T.J.S. NAGAR, PERUVOYAL VILLAGE,  NEAR KAVARAIPETTAI,  GUMMIDIPOONDI TALUK",601206,4427967602,tjsivanandam@gmail.com,www.tjsec.in,No,Yes,Yes,Yes
1144,R V S Padmavathy School of Architecture Senthil Pakkam Village Roshanagaram,Thiruvallur District,KUNDRATHUR from,"ERANDAMKATTALAI  SADHANANTHAPURAM, (NEAR  ANAKAPUTHUR),THANDALAM POST",600128,8190050600,principal448@gmail.com,www.mietchennai.in,No,Yes,Yes,Yes
1145,- Anand School of Architecture Old Mahalibalipuram Road OMR Kazhipattur,Chengalpattu District,THIRUPORUR,"RAJIV GANDHI ROAD, OMR INSIDE  SIPCOT IT PARK, SIRUSERI",603103,4427470025,msajce.office@gmail.com,www.msajce-edu.in,No,Yes,Yes,Yes
1146,MisrimalNavajeeMunoth Jain School of Architecture Rajiv Gandhi Salai OMR,Rajiv Gandhi Salai (OMR) District,THIRUPORUR,"KALASALINGAM NAGAR OLD  MAHABALIPURAM ROAD,  KAZHIPATTUR",603103,4427471310,principal@aiht.ac.in,www.aiht.ac.in,No,No,Yes,Yes
1147,- MMES Academy of Architecture C.Abdul Hakeem College Campus Hakeem,Ranipet District,MADURAVOYAL,"BHARATHI SALAI,  RAMAPURAM,CHENNAI.",600089,4443923041,principal@eec.srmrmp.edu.in,www.srmeaswari.ac.in,Yes,Yes,Yes,Yes
1149,St. Josephs Institute of Technology Autonomous Jeppiaar Nagar Old,Old District,SHOLINGANALLUR,JEPPIAAR NAGAR SEMMENCHERRY  RAJIVI GANDHI SALAI OMR CHENNAI,600119,9944922670,principal@jeppiaarcollege.org,www.jeppiaarcollege.org,No,Yes,Yes,Yes
1150,Sri Jayaram Institute of Engineering and Technology N Elavur 58N Natham,Thiruvallur District,SHOLINGANALLUR,"VELACHERY MAIN  ROAD,NARAYANAPURAM,  PALLIKARANAI",600100,7540037999,principal@jerusalemengg.ac.in,https://www.jerusalemengg.ac.in,Yes,Yes,Yes,Yes
1152,Chennai-Thirupathi Highway Near Periyapalayam Amman Temple Chennai,Chennai 414 District,EGMORE,363 ARCOT ROAD KODAMBAKKAM,600024,9841070913,principal@msec.edu.in,www.msec.edu.in,No,Yes,No,No
1153,- Jawahar School of Architecture Planning and Design No..K K,No.54.K K District,SOZHINGANALLUR,"""GURU MARUDHAR KESARI  BUILDING"", JYOTHI NAGAR,  THORAIPAKKAM, CHENNAI - 600 097",600097,4424960101,info@mnmjec.ac.in,www.mnmjec.ac.in,No,Yes,Yes,Yes
1202,D M I College of Engineering Palanchoor Nazrethpet Chennai,Chennai  30 District,SHOLINGANALLUR,RAJIV GANDHI SALAI KARAPAKKAM  CHENNAI,600097,4428389001,principal@kcgcollege.com,www.kcgcollege.ac.in,Yes,Yes,Yes,Yes
1207,Kings Engineering College Sriperumpudur Taluk,Kancheepuram District,THIRUPPORUR from,"SRI SIVASUBRAMANIYA NADAR  COLLEGE OF ENGINEERING, RAJIV  GANDHI SALAI (OMR)",603110,4427469700,info@ssn.edu.in,www.ssn.edu.in,Yes,Yes,Yes,Yes
1209,Pallavan College of Engineering Thimmasamudram,Kancheepuram District,VANDALUR,"THALAMBUR, OLD MAHABALIPURAM  ROAD, VANDALUR TALUK,  CHENGALPATTU DISTRICT - 600 130",600130,4467409441,mail@act.edu.in,www.act.edu.in,No,Yes,Yes,Yes
1210,Panimalar Engineering College Autonomous Nazarethpet Poonamallee,Poonamallee District,SHOLINGANALLUR,OLD MAHABALIPURAM ROAD (OMR)  CHENNAI,600119,4424501060,jprstjosephs@stjosephs.ac.in,www.stjosephs.ac.in,Yes,Yes,Yes,Yes
1211,Rajalakshmi Engineering College Autonomous Thandalam Sriperumpudur,Kancheepuram District,SCHOLINGANALLUR,"RAJIVGANDHI SALAI (OMR),  KARAPAKKAM, CHENNAI-600097",600097,8778639092,admin@tjit.edu.in,www.tjit.edu.in,No,Yes,Yes,Yes
1212,Rajiv Gandhi College of Engineering Nemili Sriperumpudur Taluk Kancheepuram,Kancheepuram District,SCHOLINGANALLUR,"RAJIV GANDHI SALAI (OMR),  KARAPAKKAM, CHENNAI-600097",600097,9841114834,admin@thangavelu.edu.in,www.thangavelu.edu.in,No,Yes,Yes,Yes
1213,S K R Engineering College Poonamallee Chennai,Chennai  36 District,GUINDY,"SH 2, THIRU VI KA INDUSTRIAL  ESTATE, SIDCO INDUSTRIAL ESTATE",600032,9937872419,chennai@cipet.gov.in,www.cipet.gov.in,No,Yes,Yes,No
1216,Saveetha Engineering College Autonomous Thandalam Sriperumpudur Taluk,Kancheepuram District,THIRUKAZHUKKUNDRAM,"157, EAST COAST ROAD, POONJERI  VILLAGE,MAMALLAPURAM",603104,4427442844,dscet@yahoo.co.in,www.dscet.ac.in,No,Yes,Yes,Yes
1217,Sree Sastha Institute of Engineering and Technology Chembarambakkam,Chembarambakkam District,TAMBARAM,SIA LEO NAGAR WEST TAMBARAM,600044,4422512111,sairam@sairamit.edu.in,www.sairamit.edu.in,Yes,Yes,Yes,Yes
1218,Sri Muthukumaran Institute of Technology Near Mangadu Chennai,Chennai  39 District,SRIPERUMBUDUR,"NEMILI,SRIPERUMBUDUR,KANCHIPU  RAM",602117,9444405813,sjcemmi@gmail.com,www.stjoseph.ac.in,No,Yes,Yes,Yes
1219,Bengaluru High Road Pennalur Irungattukottai S.O. Sriperumbudur Taluk Sri Venkateswara College of Engineering Autonomous Post Bag No. Chennai-,Kancheepuram District,KUNDRATHUR from,"NAVANEEDHAM  NAGAR,PANAPAKKAM,NEAR  PADAPPAI,TAMBARAM -ORAGADAM",601301,9840630259,principal.skit@gmail.com,www.srikrishnait.in,No,Yes,Yes,Yes
1221,- Jaya College of Engineering and Technology Parivakkam Poonamallee Chennai,Chennai District,SRIPERUMBATUR,"PUDUPER VILLAGE, SARATHY  NAGAR, KUNDRATHUR",600069,4471119111,principal@citchennai.net,www.citchennai.edu.in,Yes,Yes,Yes,Yes
1222,P B College of Engineering Irungkattukottai Sriperumpudur Taluk Kancheepuram,Kancheepuram District,CHEYYUR,"ADHIPARASAKTHI ENGINEERING  COLLEGE, MELMARUVATHUR",603319,4427529585,principal@apec.edu.in,www.apec.edu.in,No,Yes,Yes,Yes
1225,Loyola Institute of Technology Mevaloorkuppam B Village Palanchoor,Palanchoor District,ULUNDURPET,"CUDDALORE-ULUNDURPET MAIN  ROAD, THIRUNAVALUR",607204,9842372393,info.atce@gmail.com,www.atce.ac.in,No,Yes,Yes,Yes
1229,Indira Institute of Engineering and Technology VGR Gardens Pandur Thiruvallur,Thiruvallur District,SRIPERUMBUTHUR,DR VPR NAGAR VARADHARAJA  PUARAM MANIMANGALAM CHENNAI,601301,7299016647,principal@dce.edu.in,www.dce.edu.in,No,Yes,Yes,Yes
1230,Apollo Engineering College Mevaloorkuppam Valarpuram Post Sriperumpudur,Kancheepuram District,TAMBARAM,"GKM NAGAR, NEW PERUNGALATHUR",600063,9444256780,principal@gkmcet.net.in,www.gkmgroup.in,No,Yes,Yes,Yes
1232,- A R M College of Engineering and Technology Sattamangalam Maraimalainagar,Chengalpattu District,VILLUPURAM,"IFET NAGAR, GANGARAMPALAYAM,  VALAVANURE",605108,4146231456,college@ifet.ac.in,www.ifet.ac.in,Yes,Yes,Yes,Yes
1233,Adhi College of Engineering and Technology Pazhayaseevaram Madura,Kancheepuram District,MADHURANTHAGAM(TK),"GST ROAD, CHINNA KOLAMBAKKAM,  PALAYANOOR (PO), CHENGALPATTU  (DT) 603 308 MADHURANTHAGAM(TK)",603308,4471565297,kvcet@live.com,https:/www.kveg.in,No,Yes,Yes,Yes
1238,G R T Institute of Engineering and Technology GRT Mahalakshmi Nagar Chennai-,Thiruvallur District,SRIPERUMBUDUR,"MADHA NAGAR, KUNDRATHUR,  CHENNAI 600069",600069,9790857567,principal@madhaengineeringcollege.com,www.madhaengineeringcollege.com,No,Yes,Yes,Yes
1241,T J S Engineering College Peruvoyal Near Kavaraipettai Gummidipoondi Taluk,Thiruvallur District,TINDIVANAM,MAILAM,604304,8056524147,mec@mailamengg.com,www.mailamengg.com,No,Yes,Yes,Yes
1243,Madha Institute of Engineering and Technology Erandamkattalai Village,Erandamkattalai Village District,SRIPERUMBUDUR,BHB NAGAR PONDUR PO VADAKAL  VILLAGE,602105,4461777777,svct2009@gmail.com,www.svct.edu.in,No,Yes,Yes,Yes
1301,Mohammed Sathak A J College of Engineering Old Mahabalipuram Road OMR,Chengalpattu District,VANDALUR,"MEDAVAKKAM - MAMBAKKAM  ROAD, PONMAR",600127,9840100040,prince@psvpec.in,www.psvpec.in,Yes,Yes,Yes,Yes
1303,Anand Institute of Higher Technology Old Mahabalipuram Road OMR,Chengalpattu District,CHINNASALEM,"INDHILI,MELUR,KALLAKURICHI.",606201,9444114911,tsmjaincot@gmail.com,www.tsmjain.in,No,Yes,Yes,Yes
1304,Easwari Engineering College Autonomous Ramapuram Chennai,Chennai  54 District,AVADI,ST MARYS NAGAR NEAR AVADI  THIRUNINRAVUR CHENNAI,602024,4426340250,principal.jsec2006@gmail.com,www.sakthiec.edu.in,No,Yes,Yes,Yes
1306,Jeppiaar Engineering College Old Mahabalipuram Road OMR Chennai,Chennai  55 District,KUNDRATHUR,"SAI LEO NAGAR, POONTHANDALAM  VILLAGE, DHARKAST POST, WEST  TAMBARAM",600044,9677065557,sairam@sairam.edu.in,www.sairam.edu.in,Yes,Yes,Yes,Yes
1309,Meenakshi Sundararajan Engineering College Kodambakkam Chennai,Chennai  57 District,VANDULARU,"RATHINAMANGALAM, VANDALUR -  KELAMBAKKAM MAIN ROAD,  CHENNAI-127",600127,4422299400,principal@tagore-engg.ac.in,www.tagore-engg.ac.in,No,Yes,Yes,Yes
1310,MisrimalNavajeeMunoth Jain Engineering College Rajiv Gandhi Salai OMR,Rajiv Gandhi Salai (OMR) District,THIRUVENNAINALLUR,ARASUR & POST,607107,4149298053,vrscet@yahoo.com,www.vrscet.in,No,Yes,Yes,Yes
1311,K C G College of Technology Autonomous Karappakkam Chennai,Chennai  59 District,VANDALUR,SRM NAGAR KATTANKULATHUR,603203,9094537070,principal@srmvalliammai.ac.in,www.srmvalliammai.ac.in,Yes,Yes,Yes,Yes
1313,- Shree Motilal Kanhaiyalal SMK Fomra Institute of Technology Old,Chengalpattu District,THIRUPORUR,"""ASAN NAGAR"", 9TH KM,  CHENGAPATTU-MAHABALIPURAM  HIGHWAY, CHENGALPATTU",603105,7010004781,asanengg@yahoo.co.in,amcet.co.in,No,Yes,Yes,Yes
1315,Sri Sivasubramaniya Nadar College of Engineering Autonomous Kalavakkam Old,Chengalpattu District,KUNDRATHUR from,"DHAANISH NAGAR  VANCHUVANCHERRY PADAPPAI,  NEAR TAMBARAM, CHENNAI, TAMIL",601301,8939100045,principal@dhaanishcollege.co.in,www.dhaanish.in,No,Yes,Yes,Yes
1316,Agni College of Technology Old Mahabalipuram Road OMR Thalambur Village,Chengalpattu District,VANDALUR,"KOLAPAKKAM, VANDALUR, CHENNAI",600127,9444859455,1426srec@gmail.com,www.sriramanujar.ac.in,No,Yes,Yes,Yes
1318,T.J Institute of Technology Karapakkam Chennai -,63 District,KUNDRATHUR,"PANAPAKKAM, NEAR PADAPPAI,  TAMBARAM-ORAGADAM STATE  HIGHWAY,CHENNAI-601301",601301,9710119126,principal.skec@gmail.com,www.skec.edu.in,No,Yes,Yes,Yes
1319,Thangavelu Engineering College Karappakkam Chennai,Chennai  64 District,CHINNASALEM,"A.VASUDEVANUR (PO),  CHINNASALEM",606201,4151256333,mbec123@gmail.com,www.mbec.ac.in,No,Yes,Yes,Yes
1322,Dhanalakshmi Srinivasan College of Engineering and Technology East Coast Road,East Coast Road District,TAMBARAM,VENGAIVASAL MAIN ROAD,600073,4422780303,npsbprincipal@gmail.com,WWW.NPSBCET.EDU.IN,No,Yes,Yes,Yes
1324,Sri Sai Ram Institute of Technology Autonomous West Tambaram Chennai,Chennai District,POONAMALLEE,KUTHAMBAKKAM,600124,9840296158,mail@ritchennai.edu.in,www.ritchennai.org,Yes,Yes,Yes,Yes
1325,St. Joseph College of Engineering Trinity Campus Nemili Sriperumpudur Taluk,Kancheepuram District,VIKRAVANDI,"SURYA GROUP OF INSTITUTIONS, GST  ROAD, VIKRAVANDI VILLAGE,  VILLUPURAM DISTRICT 605652",605652,4146263221,principalset@suryagroup.edu.in,www.suryagroup.edu.in,No,Yes,Yes,Yes
1333,- Vi Institute of Technology Sirunkundram Village & Post,Chengalpattu District,VIKKRAVANDI,"VADAKUCHIPALAYAM,  KAPPIYAMPULIYUR, VILLUPURAM",605601,9487447625,arec.svet@gmail.com,www.arenggc.com,No,Yes,Yes,Yes
1334,ARS College of Engineering Maraimalai Nagar Post -,Chengalpattu District,KUNDRATHUR,"SH-48,TAMBARAM TO ORAGADAM  HIGHWAY,VANCHUVANCHERRY,PAD  APPAI-601301.",601301,4427174753,rrasecoe@gmail.com,www.rrase.com,No,Yes,Yes,Yes
1335,Sri Krishna Institute of Technology Panapakkam Padappai Chennai,Chennai  69 District,ANAICUT,"UNAI VILLAGE, ANAICUT POST  &TALUK",632101,9894216849,principalskce5126@gmail.com,www.skcevellore.ac.in,No,Yes,Yes,Yes
1399,Chennai Institute of Technology Autonomous Puduper Village Nandambakkam,Nandambakkam District,KALLAKURICHI,"AKT NAGAR, NEELAMANGALAM",606213,4151223577,aktengg@gmail.com,www.aktmcet.in,No,Yes,Yes,Yes
1400,Mohamed Sathak A.J. Academy of Architecture No. Old Mahabalipuram Road,Chengalpattu District,VANDALUR,MEDAVAKKAM - MAMBAKKAM  ROAD,600127,9840100040,prince@princedr.k.vasudevan.com,www.princedrkvasudevan.com,No,Yes,Yes,Yes
1401,Adhiparasakthi Engineering College Melmaruvathur,Chengalpattu District,MADURANTAKAM from,"ZAMIN ENDATHUR,  MUDHUKARAI-PAVUNJUR(VIA),  MADURANTAKAM TK",603311,9445398096,principal@ccet.org.in,www.chenduengg.com,No,Yes,Yes,Yes
1402,Annai Teresa College of Engineering Thirunavalur,Kallakkurichi District,GINGEE,"NH77 TIRUVANNAMALAI -  TINDIVANAM HIGHWAY,  ALAMPOONDI, GINGEE",604151,9791263493,srceprince2009@gmail.com,http://rangapoopathi.in/,No,Yes,Yes,Yes
1405,Dhanalakshmi College of Engineering Manimangalam Chennai,Chennai  73 District,TINDIVANAM,NH45 MAIN ROAD,604305,4147290370,scet4218@gmail.com,https://vetscet.ac.in,No,Yes,Yes,Yes
1407,G K M College of Engineering and Technology Alappakkam-Mappedu Road,Alappakkam-Mappedu Road District,EGMORE,"LOYOLA COLLEGE  CAMPUS,NUNGAMBAKKAM",600034,9003900183,licet@licet.ac.in,www.licet.ac.in,No,Yes,Yes,No
1408,I F E T College of Engineering Autonomous Gangarampalayam Villupuram,Villupuram District,VANDALUR,"PERI KNOWLEDEGE PARK,  MANNIVAKKAM, CHENNAI - 600048",600048,9150594111,admissions@periit.com,www.peri.education,No,Yes,Yes,Yes
1409,KarpagaVinayaga College of Engineering and Technology Palayanoor Post,Chengalpattu District,KALAVAI,"G.B.NAGAR, KALAVAI",632506,9003718817,apce501@gmail.com,www.apce.in,No,Yes,Yes,Yes
1411,Madha Engineering College Kundrathur Chennai,Chennai  77 District,VEMBAKKAM TALUK from,"VADAMAVANDAL VILLAGE,  NAMANDI POST, VEMBAKKAM  TALUK, THIRUVANNAMALAI",604410,8939804010,amacengg@yahoo.com,www.amace.edu.in,No,Yes,Yes,Yes
1412,Mailam Engineering College Mailam,Villupuram District,TIRUVANNAMALAI,"VELU NAGAR, MATHUR,  TIRUVANNAMALAI",606603,9442367155,aectvm1993@gmail.com,www.arunai.org,No,Yes,Yes,Yes
1413,Sri Venkateswaraa College of Technology Sirukulathur Vadakkal Village Pondur,Kancheepuram District,WALAJA,HAKEEM NAGAR MELVISHARAM,632509,4172267387,info.cahcet@gmail.com,www.cahcet.edu.in,No,Yes,Yes,Yes
1414,Prince Shri Venkateshwara Padmavathy Engineering College,80 Prince Shri Venkateshwara Padmavathy Engineering College District,VELLORE from,"GANADIPATHY TULSIS JAIN  ENGINEERING COLLEGE,  CHITTOOE-CUDDALORE ROAD",632102,8012570109,principal@gtec.ac.in,www.gtec.ac.in,No,Yes,Yes,Yes
1415,T S M Jain College of Technology Melur Village,Kallakurichi District,"MAMBALAM, GUINDY","12, VEMBULIAMMAN KOVIL STREET,  WEST KK NAGAR, CHENNAI",600078,9791529229,principal@mce.edu.in,mce.edu.in,No,Yes,Yes,Yes
1416,Jaya Sakthi Engineering College Thirunindravur Chennai,Chennai  82 District,VANIYAMBADI,"CHETTIYAPPANUR VILLAGE & POST,  VANIYAMBADI",635751,9443491455,priyaecvnb@yahoo.com,www.priyadarshini.net.in,No,Yes,Yes,Yes
1419,Sri Sai Ram Enginering College Autonomous West Tambaram Chennai,Chennai  83 District,WALAJA,"THENKADAPPANTHANGAL ,  WALAJA,RANIPET",632513,4172299501,recchairman@gmail.com,www.ranippettaiengcollege.com,No,Yes,Yes,Yes
1420,Tagore Engineering College Rathnamangalam Vandalur Post Chennai,Chennai  84 District,TIRUVANNAMALAI TALUK,BANGALORE-PONDICHERRY  NATIONAL HIGHWAY,606611,9894335620,principal@skpec.in,www.skpec.edu.in,No,Yes,Yes,Yes
1421,V R S College of Engineering and Technology Arasur,Villupuram District,ARNI,"ARCOT ROAD,IRUMBEDU",632317,9843099201,sbcecarni1513@gmail.com,www.sbcecarni.org,No,Yes,Yes,Yes
1422,SRM Valliammai Engineering College Autonomous Kattankulathur Chennai,Chennai District,VELLORE,"CHTTERI ROAD,BAGAYAM, VELLORE",632002,4162267762,tpgitpa@gmail.com,www.tpgit.edu.in,No,Yes,Yes,No
1424,Dhaanish Ahmed College of Engineering Padappai Chennai,Chennai  88 District,KANCHIPURAM,"THIRUMALAI ENGINEERING  COLLEGE, KILAMBI, KRISHNAPURAM  POST",631551,9894870496,tecau1517@gmail.com,www.thirumalaiengg.in,No,Yes,Yes,Yes
1426,Sri Ramanujar Engineering College Vandalur Kolappakkam Chennai,Chennai  89 District,VANDAVASI,PONNUR HILLS VANDAVASI,604505,9842313222,tcet1998@gmail.com,www.tcet.co.in,No,Yes,Yes,Yes
1427,Sri Krishna Engineering College Panappakkam Padappai Chennai,Chennai  90 District,NATTRAMPALLI,"MGR NAGAR K.BANDARAPALLI  VILLAGE & POST, PATCHUR VIA,  NATTRAMPALLI TK",635854,8939690965,principal@bec.ac.in,www.bec.ac.in,No,Yes,Yes,Yes
1428,E S Engineering College Chennai Trunk Road Ayyankoilpattu,Villupuram District,KATPADI TALUK,"CHITTOOR MAIN ROAD, CHIRISTIAN  PET VILLAGE, METTUKULAM  PANCHAYAT",632059,4162298300,principal@kingston.ac.in,www.kingston.ac.in,No,Yes,Yes,Yes
1430,Maha Bharathi Engineering College A Vasudevanur Chinnasalem Kallakurichi,Kallakurichi District,WALAJAH,"NO. 257/1, BANGALORE - CHENNAI  HIGHWAY, MELVISHARAM",632509,9443132622,global_iet@yahoo.co.in,www.getedu.in,No,Yes,Yes,Yes
1431,New Prince Shri Bhavani College of Engineering and Technology Autonomous,92 New Prince Shri Bhavani College of Engineering and Technology(Autonomous) District,POLUR,"CHETPET TO POLUR ROAD,  MODAIYUR VILLAGE",606902,9962513652,annamalaiarcoe@gmail.com,www.annamalaiarengg.com,No,Yes,Yes,Yes
1432,Rajalakshmi Institute of Technology Autonomous Irulapalayam Kuthampakkam,Kancheepuram District,TIRUPATHUR,"ADIYUR, SALEM MAIN ROAD",635601,4179225900,podhigaitech@gmail.com,www.podhigaitech.ac.in,No,Yes,Yes,Yes
1434,Surya Group of Institutions GST Road Vikravandi Village,Villupuram District,ARAKKONAM,"T.R.S. CAMPUS, SRI KRISHNA NAGAR,  TIRUTTANI ROAD",631003,9944336600,principal1526@gmail.com,www.srikrishnacollege.co.in,No,Yes,Yes,Yes
1436,A R Engineering College Vadakuchipalayam Kappiyampuliyur Post Villupuram,Villupuram District,POLUR,VENMANI,606803,4181223688,oceprincipal@gmail.com,WWW.OXFORDCOLLEGEOFENGINEER,No,Yes,Yes,Yes
1437,Rrase College of Engineering Padappai Kancheepuram,Kancheepuram  96 District,CHINNASALEM,"IDHAYA ENGINEERING COLLEGE FOR  WOMEN, CHINNASALEM - 606201",606201,4151258325,idhaya@iecw.edu.in,WWW.IECW.EDU.IN,No,No,Yes,Yes
1438,Sree Krishna College of Engineering Anaicut Post Unnai Village,Vellore District,COIMBATORE NORTH,"GCT, THADAGAM ROAD  ,COIMBATORE-641013.",641013,4222432221,gctcbe@gct.ac.in,www.gct.ac.in,Yes,Yes,Yes,No
1441,A K T Memorial College of Engineering and Technology Neelamangalam Village,Kallakurichi District,COIMBATORE,"PSG COLLEGE OF TECHNOLOGY,  PEELAMEDU, COIMBATORE",641004,4224344777,principal@psgtech.edu,www.psgtech.edu,Yes,Yes,Yes,No
1442,Prince Dr. K Vasudevan College of Engineering and Technology Medavakkam-,Medavakkam- District,COIMBATORE,CIVIL AERODROME POST,641014,4222573187,principal@cit.edu.in,www.cit.edu.in,Yes,Yes,Yes,Yes
1444,Chendu College of Engineering and Technology ZaminEndathur Village,Chengalpattu District,,"MARUTHAMALAI MAIN ROAD,  NAVAVOOR PIRIVU,  SOMAYAMPALAYAM, BHARATHIAR",641046,9894165888,deancoimbatore@annauniv.edu,www.aurcc.ac.in,No,Yes,Yes,No
1445,Sri Rangapoopathi College of Engineering Alampoondi Village Gingee Villupuram,Villupuram District,SANKARI,"PULLIPALAYAM, MORUR POST,  SANKARI TK, SALEM DT",637304,7373696999,principal@shanmugha.edu.in,https://shanmugha.edu.in/,No,Yes,Yes,Yes
1449,Saraswathy College of Engineering and Technology NH- Main Road Olakkur,Villupuram District,RASIPURAM,"KAKKAVERI, RASIPURAM",637408,4287220737,info@mce.ac.in,www.mce.ac.in,No,Yes,Yes,Yes
1450,Loyola ICAM College of Engineering and Technology Loyola College Campus,Loyola College Campus District,MANMANGALAM,"N.S.N. KALVI NAGAR, KARUR -  MADURAI NH-7, MANALMEDU,  THALAPATTY (PO), KARUR",639003,8220447799,principal2327@gmail.com,www.nsn.ac.in,No,Yes,Yes,Yes
1452,PERI Institute of Technology Mannivakkam West Tambaram Chennai,Chennai  104 District,MADUKARAI from,"RATHINAM TECHNICAL CAMPUS,  RATHINAM TECH ZONE, POLLACHI  MAIN ROAD",641021,8122148500,principal@rathinamtechzone.com,https://www.rathinamtechnicalcampus.com/,Yes,Yes,Yes,Yes
1501,Adhiparasakthi College of Engineering Kalavai,Ranipet District,BHAVANI,"ERRATTAIKARADU PARUVACHI POST,  ANTHIYUR (VIA), BHAVANI TALUK,  ERODE DISTRICT 638312",638312,9384281500,acetdr@gmail.com,www.aishwaryaengg.ac.in,No,Yes,Yes,Yes
1503,Arulmigu Meenakshi Amman College of Engineering,Thiruvannamalai District,ANNUR,"294/2, ASIAN COLLEGE ROAD, NEAR  SARAVANAMPATTY,  KONDAYAMPALAYAM, COIMBATORE",641110,7708069402,asiantccbe@gmail.com,www.acetcbe.in,No,Yes,Yes,Yes
1504,Arunai Engineering College Mathur,Thiruvannamalai District,VALAPADI,"ATTUR MAIN ROAD, METTUPATTI,  SALEM",636111,4272211212,principal@ganeshenggcollege.org,http://ganeshenggcollege.org/,No,Yes,Yes,Yes
1505,C Abdul Hakeem College of Engineering and Technology Melvisharam Ranipet,Ranipet District,COIMBATORE(NORTH),"1/162, ATHIPALAYAM THUDIYALUR,  KOVILPALAYAM ROAD, COIMBATORE",621110,7502664999,principalsriet1@gmail.com,www.sriet.ac.in,No,Yes,Yes,Yes
1507,Ganadipathy Tulsi’s Jain Engineering College Kaniyambadi,Vellore District,SALEM,"TYPE V, INDIAN INSTITUTE OF  HANDLOOM TECHNOLOGY THILLAI  NAGAR",636001,8866985741,iiht.tnslm@nic.in,www.iihtsalem.edu.in,No,Yes,Yes,No
1509,Meenakshi College of Engineering Vembuliamman Koil Street K K Nagar West,K K Nagar (West) District,SANKARI,"NH-544, KUPPANUR POST",637301,4283244080,balkisujatha@gmail.com,www.shreesathyam.edu.in,No,Yes,Yes,Yes
1510,Priyadarshini Engineering College Vaniyambadi Post,Thiruppattur District,MADUKKARAI,"PICHANUR POST, K.G. CHAVADI",641105,4227172064,principal@dhaanishcollege.in,www.dhaanish.com,No,Yes,Yes,Yes
1511,Ranipettai Engineering College Thenkadappanthangal,Ranipet District,KANGAYAM,"167A,  THOTTIAPALAYAM,KATHANKANNI  POST",641604,9944001608,jairupa2007@gmail.com,www.jairupa.org,No,Yes,Yes,Yes
1512,S K P Engineering College,Thiruvannamalai District,POLLACHI,"107/1B, DHARAPURAM MAIN ROAD,  PIE TECH CAMPUS, POOSARIPATTI",642205,9524160950,principal@pietech.edu.in,www.pietech.edu.in,No,Yes,Yes,Yes
1513,Sri Balaji Chockalingam Engineering College Arni,Thiruvannamalai District,PUGALUR,"THENNILAI , KARUR",639206,9750976789,engg@arulmurugan.edu.in,www.arulmurugan.edu.in,No,Yes,Yes,Yes
1517,Thirumalai Engineering College Kilambi,Kancheepuram District,KINATHUKADAVU from,"NH-209,COIMBATORE-POLLACHI  MAIN ROAD,EALUR  PIRIVU,SOLAVAMPALAYAM(PO),COI",642109,8220048512,principal@vsbcetc.com,www.vsbcetc.com,No,Yes,Yes,Yes
1518,Thiruvalluvar College of Engineering and Technology Vandavasi Thiruvannamalai,Thiruvannamalai District,COIMBATORE,"NEHRU NAGAR WEST, KALAPATTI  ROAD, CIVIL AERODROME PO",641014,4222223512,sugucoe@gmail.com,www.sugunace.com,No,Yes,Yes,Yes
1519,Bharathidasan Engineering College Nattrampalli Post,Thiruppathur District,KINATHUKADAVU from,"310/1B, ARJUN COLLEGE OF  TECHNOLOGY,CHETTIYAKKAPALAY  AM,KINATHUKADAVU,COIMBATORE",642120,4259200200,arjuncollegeoftechnology@yahoo.com,www.actechnology.in,No,Yes,Yes,Yes
1520,Kingston Engineering College Chithoor Main Road Christianpet Village Katpadi,Vellore District,DHARMAPURI,"GOVERNMENT COLLEGE OF  ENGINEERING, HARUR MAIN ROAD,  CHETTIKARAI POST, DHARMAPURI",636704,9444565950,principalgcedpi@gmail.com,www.gcedpi.edu.in,No,Yes,Yes,No
1523,Global Institute of Engineering and Technology Bangalore-Chennai Highway,Ranipet District,SULUR,"AVINASHI ROAD, NEELAMBUR,  COIMBATORE",641062,9500814830,principal@psgitech.ac.in,www.psgitech.ac.in,No,Yes,Yes,Yes
1524,Annamalaiar College of Engineering Modaiyur Village Polur Taluk,Thiruvannamalai District,HOSUR,"DR MGR NAGAR, KUMUDEPALLI",635130,4344261001,principal@adhiyamaan.ac.in,www.adhiyamaan.ac.in,Yes,Yes,Yes,Yes
1525,Podhigai College of Engineering and Technology Vinayakapuram Adiyur Post,Tirupattur District,SENDHAMANGALAM from,"ANNAI MATHAMMAL SHEELA  ENGINEERING COLLEGE,  ERUMAIPATTI (PO)",637013,9443711881,principalamsec@gmail.com,www.amsheela.org.in,No,Yes,Yes,Yes
1526,Sri Krishna College of Engineering Tiruttani High Road Arakkonam Ranipet,Ranipet District,BARGUR,"NH46, CHENNAI BANGALORE  HIGHWAY, BARGUR (POST),  MADEPALLI (VILLAGE)",635104,9443440134,principal503@gmail.com,www.gcebargur.ac.in,Yes,Yes,Yes,No
1529,Oxford College of Engineering Venmani Village Karaipoondi Post Polur Taluk,Thiruvannamalai District,PENNAGARAM,"HOGENAKKAL FALLS MAIN ROAD ,  NALLANUR",636813,9842999923,principal@jcet.ac.in,www.jcet.ac.in,No,Yes,Yes,Yes
1533,-,- District,TIRUCHENGODE,K S R KALVI NAGAR KUCHIPALAYAM  POST,637215,4288274741,principal@ksrct.ac.in,https://ksrct.ac.in/,Yes,Yes,Yes,Yes
1605,Idhaya Engineering College for Women Chinnasalem,Kallakkurichi District,PUGALUR,"THALAVAPALAYAM(PO),PUNJAI  THOTTAKKURICHI(VILLAGE)",639113,4324272155,PRINCIPAL@MKCE.AC.IN,WWW.MKCE.AC.IN,Yes,Yes,Yes,Yes
2302,Sri Shanmugha College of Engineering and Technology Morur Bit II Village Salem,Salem District,TIRUCHENGODE,"MAHENDHIRAPURI,  MALLASAMUDRAM (W)",637503,6382083091,info@mahendrainstitutions.com,www.mahendra.info,Yes,Yes,Yes,Yes
2314,Muthayammal College of Engineering Kakkaveri Post,Namakkal District,RASIPURAM,"KAKKAVERI, RASIPURAM",637408,4287220837,info@mec.edu.in,www.mec.edu.in,Yes,Yes,Yes,Yes
2327,N S N College of Engineering and Technology Karur-Madurai NH7 Manalmedu,Karur District,NAMAKKAL,"NH-44, PAAVAI NAGAR, PACHAL  POST",637018,9965466888,pecprincipal@paavai.edu.in,http://pec.paavai.edu.in,Yes,Yes,Yes,Yes
2328,K S R Institute for Engineering and Technology Autonomous Thokkavadi,Namakkal District,PARAMATHY VELUR,"NH-44 NAMAKKAL - KARUR MAIN  ROAD, NAMAKKAL",637207,8939808574,engineering@pgpews.in,ww.pgpcet.ac.in,No,Yes,Yes,Yes
2329,Rathinam Technical Campus Pollachi Road Autonomous Eachanari Coimbatore,Coimbatore District,TIRUCHENGODE,"K.S.R. COLLEGE OF ENGINEERING  (AUTONOMOUS), K.S.R. KALVI  NAGAR, TIRUCHENGODE - 637 215",637215,4288274741,principal@ksrce.ac.in,www.ksrce.ac.in,Yes,Yes,Yes,Yes
2332,Aishwarya College of Engineering and Technology ErrattaikaraduParuvachi Post,Erode District,KOMARAPALAYAM,"NH-544,SALEM MAIN ROAD",638183,9894026708,principal@ssmce.ac.in,www.ssmce.ac.in,No,Yes,Yes,Yes
2338,Asian College of Engineering and Technology Asian College Road,Coimbatore District,OMALUR,"NH-7, BANGALORE HIGHWAYS,  SALEM -11",636011,4272346157,principal@gcesalem.edu.in,www.gcesalem.edu.in,Yes,Yes,Yes,Yes
2341,Ganesh College of Engineering Attur Main Road Mettupatti,Salem District,KARIMANAGALAM TALUK,"NH-44,KRISHNAGIRI MAIN ROAD,  PERIYANAHALLI POST",635205,4348247500,sapthagiriengg1993@gmail.com,www.sapthagirigroup.com,No,Yes,Yes,Yes
2342,Sri Ranganathar Institute of Engineering and Technology Thudialur-Kovilpalay,Coimbatore District,TIRUCHENGODE,"KUMARAMANGALAM PO,  TIRUCHENGODE, NAMAKKAL",637205,9842755552,principal@scteng.co.in,www.scteng.co.in,Yes,Yes,Yes,Yes
2344,Kongu School of Architecture Kongu Engineering College Campus Perundurai,Erode District,TIRUCHENGODE,SATHINAICKENPALAYAM  ELAYAMPALAYAM VILLAGE,637205,9443734562,principal@vcew.ac.in,www.vcenggw.ac.in,Yes,No,Yes,Yes
2345,Dhirajlal Gandhi College of Technology Sikkanampatty Opp. to Airport Omalur,Salem District,PUGALUR,"NH 67, COIMBATORE ROAD,  KARUDAYAMPALAYAM, KARUR",639111,9994496212,admission@vsbec.com,www.vsbec.com,Yes,Yes,Yes,Yes
2346,- Shree Sathyam College of Engineering and Technology NH- Manjakkalpatti,Salem District,VALAPADY,"MAHENDRA SALEM CAMPUS, SALEM  TO ATTUR MAIN ROAD,  MINNAMPALLI",636106,9443695412,info@mahendracollege.com,www.mahendracollege.com,No,Yes,Yes,Yes
2347,- AVS College of Technology Attur Main Road Near AVS College of Arts & Science,Salem District,NAMAKKAL,"NH-7, A.K.SAMUTHIRAM, PACHAL  POST, NAMAKKAL DIST",637018,7598293888,INFO@GCT.ORG.IN,WWW.GCT.ORG.IN,Yes,Yes,Yes,Yes
2348,San Academy of Architecture ACC Pirivu NavakaraiPost Walayar Coimbatore,Coimbatore District,METTUR,"THE KAVERY ENGINEERING  COLLEGE, MECHERI P.O, SALEM DT",636453,9842350156,principal804@hotmail.com,www.kavery.org.in,No,Yes,Yes,Yes
2349,Dhaanish Ahmed Institute of Technology Pichanur Post Near K G Chavadi,Coimbatore District,NAMAKKAL,"PONNUSAMY NAGAR, SALEM ROAD  (NH-44), PAPPINAICKENPATTI POST",637003,9942099122,principal@selvamtech.edu.in,www.selvamtech.edu.in,No,Yes,Yes,Yes
2356,Arulmurugan College of Engineering Karvazhi Road Thennilai Post,Karur District,NAMAKKAL,"NH-44, PAAVAI NAGAR, PACHAL POST",637018,9715366888,pceprincipal@paavai.edu.in,http://pce.paavai.edu.in,No,Yes,Yes,Yes
2357,V S B College of Engineering Technical Campus EalurPirivu Solavampalayam Post,Coimbatore District,KARUR from,"CHETTINAD COLLEGE OF  ENGINEERING AND TECHNOLOGY,  NH-67, KARUR - TRICHY HIGHWAYS",639114,9360702630,principalccet@chettinadtech.ac.in,www.chettinadtech.ac.in,No,Yes,Yes,Yes
2360,Suguna College of Engineering Kalappatti Road Civil Aerodrome Post,Coimbatore District,TIRUCHENGODE,"SALEM - TIRUCHENGODE HIGHWAY,  MAHENDHIRAPURI,  MALLASAMUDRAM(W)",637503,4288288527,principal@mahendratech.org,www.mahendratech.org,Yes,Yes,Yes,Yes
2361,Sasi Creative School of Archiecture No./2B Roja Raja Garden Pollachi Main,Coimbatore District,TIRUCHENGODE,"VARAHOORAMPATTI VILLAGE,  KOOTTAPALLI POST",637214,9442141122,principal@vvcet.ac.in,http://vvcet.ac.in/,No,Yes,Yes,Yes
2364,VellimalaiPattinam Narasipuram Post Thondamuthur Via School of Architecture Coimbatore Institute of Engineering and Technology,Coimbatore District,KOMARAPALAYAM,"544, SALEM MAIN ROAD,  PALLAKKAPALAYAM, SANKARI WEST  POST",637303,9965641888,principaleec@excelcolleges.com,www.excelinstitutions.com,Yes,Yes,Yes,Yes
2365,- Nehru School of Architecture No.-D Palakkad Main,Coimbatore District,NAMAKKAL,CMS NAGAR ERNAPURAM,637003,9444291829,principal602@gmail.com,www.cmsgroupofinstitutions.in,No,Yes,Yes,Yes
2367,Arjun College of Technology Chettiyakkapalayam Kinathukadavu Coimbatore,Coimbatore District,SALEM,"MILITARY ROAD, AMMAPET",636003,9442700200,principal@avsecmail.in,www.avsenggcollege.ac.in,No,Yes,Yes,Yes
2368,- Vishnu Lakshmi College of Engineering and Technology Vellalore Post,Coimbatore District,TIRUCHENGODE,"KUMARAMANGALAM(PO),  TIRUCHENGODE(TK)",637205,9385239001,principal@mecw.org,www.mecw.org,No,No,Yes,Yes
2372,Park Institute of Architecture Avinashi Road NH- Kaniyur,Coimbatore District,KADAYAMPATTY (TK),POOSARIPATTY (PO)  KADAYAMPATTY (TK) SALEM (DT),636305,4290249661,principal@nsit.edu.in,www.nsit.edu.in,No,Yes,Yes,Yes
2373,Hindusthan School of Architecture Othakkalmandabam Post,Coimbatore District,NALLAMPALLI,THOPPUR,636352,9894916315,jit.thoppur@gmail.com,www.jit.net.in,No,Yes,Yes,Yes
2376,Rathinam School of Architecture RathinamTechzone campus Pollachi Road,Pollachi Road District,DHARMAPRUI,"KRISHNAGIRI MAIN ROAD,  GUNDALAPATTI, DHARMAPURI -  636701",636701,9865754222,vvitprincipal@yahoo.in,www.vvitengineering.com,No,Yes,Yes,Yes
2377,PSG Institute of Technology and Applied Research Avinashi Road Neelambur,Neelambur District,,"P.S.V COLLEGE OF ENGINEERING &  TECHNOLOGY, MITTAPALLI,  BALINAYANAPALLI, ELATHAGIRI",635108,9444494360,selvam.psv@gmail.com,www.psvcet.ac.in,No,Yes,Yes,Yes
2601,Adhiyamaan College of Engineering Autonomous Hosur,Krishnagiri District,THALAIVASAL,"43/3, DEVIYAKURICHI (PO),  THALAIVASAL (TK), SALEM (DT) - 636  112",636112,9655144999,bharathiyar@biew.ac.in,www.biew.ac.in,No,No,Yes,Yes
2602,AnnaiMathammal Sheela Engineering College Erumapatty Post,Namakkal District,THALAIVASAL,"NH-79, SALEM TO CHENNAI HIGH  WAY, DEVIYAKURICHI",636112,4282231474,principaltiet@tagoreiet.ac.in,www.tagoreiet.ac.in,No,Yes,Yes,Yes
2606,Jayam College of Engineering and Technology Nallanur Post,Dharmapuri District,KUMARAPALAYAM,"NATARAJAPURAM, NH-544 (SALEM TO  COIMBATORE), KUMARAPALAYAM.",638183,9842710606,engg@jkkn.ac.in,https://engg.jkkn.ac.in,No,Yes,Yes,Yes
2607,K S Rangasamy College of Technology Autonomous Tiruchengode Namakkal,Namakkal District,SALEM,NH 47 SANKARI MAIN ROAD  PERIYASEERAGAPADI SALEM -636308,636308,9442000648,principalaecsalem@gmail.com,www.aecsalem.edu.in,Yes,Yes,Yes,Yes
2608,M Kumarasamy College of Engineering Autonomous Thalavapalayam Karur,Karur District,METTUPALAYAM TALUK,"CECILIA GARDENS,  CHIKKARAMPALAYAM VILLAGE,  KARAMADAI",641104,9443612959,principal@ckec.ac.in,www.ckec.ac.in,No,Yes,Yes,Yes
2609,Mahendra Engineering College Autonomous Mahendhirapuri Mallasamudram,Namakkal District,TIRUPUR,DHARAPURAM ROAD  AVINASHIPALAYAM,638660,4212313335,principal@jayshriram.edu.in,www.jayshriram.edu.in,No,Yes,Yes,Yes
2610,Muthayammal Engineering College Autonomous Rasipuram,Namakkal District,SALEM,"KIOT CAMPUS, KAKAPALAYAM (PO),  SALEM - 637504",637504,4272433999,principal@kiot.ac.in,www.kiot.ac.in,Yes,Yes,Yes,Yes
2611,Paavai Engineering College Autonomous NH- Pachal Post,Namakkal District,KANGEYAM,"EBET KNOWLEDGE PARK,ERODE  ROAD,NATHAKADAIYUR",638108,4257241935,info@builderscollege.edu.in,www.builderscollege.edu.in,No,Yes,Yes,Yes
2612,P G P College of Engineering and Technology Paramathi Post,Namakkal District,SALEM,NH-47 MAIN ROAD  UTHAMASOLAPURAM POST,636010,9443143131,vsacollege@gmail.com,www.vsagroup.ac.in,No,Yes,Yes,Yes
2613,K S R College of Engineering Autonomous Tiruchengode,Namakkal District,TIRUCHENGODE,SATHINAICKENPALAYAM  ELAYAMPALAYAM,637205,9443316543,principal@vctw.ac.in,www.vctw.ac.in,No,No,Yes,Yes
2614,S S M College of Engineering Komarapalayam,Namakkal District,TIRUCHENGODE,"MALLASAMUDRAM,TIRUCHENGODE,  NAMAKKAL",637503,9443489464,principal@miet.asia,www.miet.asia,No,Yes,Yes,Yes
2616,Sapthagiri College of Engineering Periyanahalli Post,Dharmapuri District,METTUPALAYAM,"899/1 & 898/2, OOTY MAIN ROAD",641104,9600292686,principal@sreesakthi.edu.in,www.sreesakthi.edu.in,No,Yes,Yes,Yes
2617,Sengunthar Engineering College Autonomous Tiruchengode,Namakkal District,PAPPIREDDIPATTI,B PALLIPATTI,635301,4346291056,principal205@gmail.com,www.shreenivasa.info,No,Yes,Yes,Yes
2618,- Sona College of Technology Autonomous Suramangalam Post,Salem District,PERUR,"VELLIMALAIPATTINAM,  NARASIPURAM POST,  THONDAMUTHUR VIA",641109,9790038605,info@cietcbe.edu.in,www.cietcbe.edu.in,Yes,Yes,Yes,Yes
2620,Sathinaickenpalayam Elayampalayam Village Kumaramangalam Namakkal Vivekanandha College of Engineering for Women Autonomous,Namakkal 164 Vivekanandha College of Engineering for Women (Autonomous) District,COONOOR,"CSI COLLEGE OF ENGINEERING,  KETTI, THE NILGIRIS 643215",643215,4232517474,principal@csice.edu.in,www.csice.edu.in,No,Yes,Yes,Yes
2621,Er. Perumal Manimekalai College of Engineering Autonomous NearKoneripalli,Krishnagiri District,POLLACHI,"UDUMALAI ROAD,  MAKKINAICKENPATTI POST",642003,4259236030,principal@drmcet.ac.in,www.mcet.in,Yes,Yes,Yes,Yes
2622,V S B Engineering College Autonomous Kovai Road,Karur District,PERUNDURAI,"THUDUPATHI, PERUNDURAI TK,  ERODE DT.",638057,9442132706,esecprincipal@gmail.com,www.erode-sengunthar.ac.in,Yes,Yes,Yes,Yes
2623,Mahendra College of Engineering Attur Road Minnampalli Valapady Salem,Salem District,COIMBATORE SOUTH,"VALLEY CAMPUS, POLLACHI HIGH  WAY , OTHAKKALMANDAPAM",641032,8098333333,hindusthan107@gmail.com,www.hindusthan.net,Yes,Yes,Yes,Yes
2624,Gnanamani College of Technology Autonomous Pachal Post,Namakkal District,ERODE,"SRI VASAVI COLLEGE (PO), ERODE",638316,4242533279,gceeprincipal@gmail.com,www.gcee.ac.in,No,Yes,Yes,Yes
2625,The Kavery Engineering College M Kalipatti Post Mecheri,Salem District,COIMBATORE (SOUTH),"S.F.NO.758, 759 &760  OTHAKKALMANDAPAM,  COIMBATORE - 641032",641032,4222619007,office@kce.ac.in,http://www.kce.ac.in,Yes,Yes,Yes,Yes
2627,Selvam College of Technology Pappanaickenpatti Post,Namakkal District,PERUNDURAI,"PERUNDURAI RAILWAY STATION  ROAD, THOPPUPALAYAM,  PERUNDURAI - 638060",638060,4294226555,principal@kongu.edu,www.kongu.ac.in,Yes,Yes,Yes,Yes
2628,Paavai College of Engineering Autonomous NH- Pachal Post,Namakkal District,COIMBATORE NORTH,"CHINNAVEDAMPATTI  (PO),COIMBATORE- 641 049",641049,4222661100,principal@kct.ac.in,www.kct.ac.in,Yes,Yes,Yes,Yes
2630,Chettinad College of Engineering and Technology NH- Trichy Main Road,Karur District,PERUNDURAI,"SUDHANANDHEN KALVI NAGAR,  CHENNIMALAI, ERODE 638112",638112,4294251616,mpnmjec@mpnmjec.ac.in,www.mpnmjec.ac.in,No,Yes,Yes,Yes
2632,Mahendra Institute of Technology Autonomous Mahendhirapuri,Namakkal District,,"ERODE PERUNDURAI MAIN ROAD,  VAIKKALMEDU,  PITCHANDAMPALAYAM",638052,7373714477,principal@nandhaengg.org,www.nandhaengg.org,Yes,Yes,Yes,Yes
2634,Pallakapalayam Sankari West Post Komarapalayam Taluk -,Namakkal District,SULUR,"NH-47, AVINASHI ROAD, KANIYUR",641659,9443792222,info@park.ac.in,www.pcet.ac.in,No,Yes,Yes,Yes
2635,CMS College of Engineering Emapuram Post,Namakkal District,COIMBATORE SOUTH,KUNIAMUTHUR,641008,4222678001,principal@skcet.ac.in,www.skcet.ac.in,Yes,Yes,Yes,Yes
2636,A V S Engineering College Military Road Ammapet,Salem District,COIMBATORE NORTH,"VATTAMALAIPALAYAM, N.G.G.O.  COLONY POST",641022,7530089996,office@srec.ac.in,www.srec.ac.in,Yes,Yes,Yes,Yes
2638,Mahendra Engineering College for Women Kumaramangalam,Namakkal District,SULUR,PALANISAME RAVI NAGAR  KARUMATHAMPATTI,641659,9894612700,tce@tnce.in,www.tnce.in,No,Yes,Yes,Yes
2639,Narasu'sSarathy Institute of Technology Poosaripatty Village Omalur Taluk,Salem District,MADUKKARAI,"KOVAIPUDUR, COIMBATORE",641042,4222984567,info@skct.edu.in,www.skct.edu.in,Yes,Yes,Yes,Yes
2640,Jayalakshmi Institute of Technology Thoppur,Dharmapuri District,ERODE,"PERUNDURAI MAIN ROAD, THINDAL  POST, ERODE",638012,4242244201,principal@velalarengg.ac.in,www.velalarengg.ac.in,Yes,Yes,Yes,Yes
2641,VaruvanVadivelan Institute of Technology Nallanahalli,Dharmapuri District,COIMBATORE SOUTH,"PACHAPALAYAM, PERUR  CHETTIPALAYAM",641010,4222605577,principal@srit.org,www.srit.org,Yes,Yes,Yes,Yes
2642,P S V College of Engineeering and Technology Mittapalli Balinayanapalli Post,Krishnagiri District,COIMBATORE NORTH from,"SNS KALVI NAGAR, SATHY MAIN  ROAD, VAZHIYAMPALAYAM,  SARAVANAMPATTI POST",641035,7550316701,snsct@snsgroups.com,www.snsct.org,Yes,Yes,Yes,Yes
2643,Bharathiyar Institute of Engineering for Women Deviayakurichi Attur Taluk,Salem District,COIMBATORE NORTH,"L&T  BYPASS,CHINNIYAMPALAYAM,COIM  BATORE",641062,4222369900,principal@siet.ac.in,www.siet.ac.in,Yes,Yes,Yes,Yes
2646,Tagore Institute of Engineering and Technology Deviyakurichi Attur Taluk Salem,Salem District,MADUKKARAI,"NEHRU GARDENS,  THIRUMALAYAMPALAYAM,  COIMBATORE",641105,9003936804,nirtprincipal@nehrucolleges.com,www.nehrucolleges.org,No,Yes,Yes,Yes
2647,J K K Nataraja College of Engineering and Technology Komarapalayam Amani,Namakkal District,SULUR,"KUMARAN KOTTAM CAMPUS,  KANNAMPALAYAM POST",641402,7502328000,principal@rvscet.ac.in,www.rvscet.ac.in,No,Yes,Yes,Yes
2648,Annapoorana Engineering College Autonomous Sankari Main Road NH-,Salem District,COIMBATORE NORTH,NH 209 SATHY ROAD SS KULAM  KOVILPALAYAM,641107,8489412277,info@infoengg.com,www.infoengg.com,No,Yes,Yes,Yes
2650,Christ The King Engineering College Cecilia Gardens Chikkarampalayam Village,Coimbatore District,TIRUPPUR SOUTH,"ANGEL NAGER, DHARAPURAM  ROAD,P.K.PALAYAM",641665,9952358692,principal@angelcollege.edu.in,https://angelcollege.edu.in/,No,Yes,Yes,Yes
2651,Jai Shriram Engineering College Dharapuram Road Avinashi Palayam Tiruppur,Tiruppur District,COIMBATORE NORTH,"SNS KALVI NAGAR, SATHY MAIN  ROAD, KURUMBAPALAYAM POST,  COIMBATORE",641107,7550316708,principal@snsce.ac.in,www.snsce.ac.in,Yes,Yes,Yes,Yes
2652,AL-Ameen Engineering College Autonomous KarundevanPalayam,Erode District,MADUKKARAI from,"S.F.NO.247,248,LT BYEPASS  ROAD,SEERAPALAYAM  VILLAGE,BODIPALAYAM",641105,7397013334,principalkit@gmail.com,www.karpagamtech.ac.in,No,Yes,Yes,Yes
2653,Knowledge Institute of Technology Autonomous KIOT Campus Kakapalayam,Salem District,COIMBATORE (NORTH),"KALAPATTI ROAD, COIMBATORE",641048,8754955886,principal@drngpit.ac.in,www.drngpit.ac.in,Yes,Yes,Yes,Yes
2656,Builders Engineering college Nathakadaiyur Erode Road Palayakottai Village,Tiruppur District,PERUR,"REC KALVI NAGAR, VIRALIYUR  POST, THONDAMUTHUR VIA,  COIMBATORE",641109,9500981246,rec.cbe@gmail.com,www.reccbe.ac.in,No,Yes,Yes,Yes
2658,V S A Group of Institutions NH- Uthamasola Puram Post,Salem District,KINATHUKADAVU,"KONDAMPATTI POST, VADASITHUR  VIA",641202,7373617171,sece@sece.ac.in,www.sece.ac.in,Yes,Yes,Yes,Yes
2659,- Salem College of Engineering and Technology Salem-Attur Main Road NH-,Salem District,COIMBATORE (SOUTH),"VALLY CAMPUS,POLLACHI  HIGHWAY,OTHAKKALMANDAPAM  COIMBATORE 641032",641032,9047010006,hitprincipal@hindusthan.net,www.hit.edu.in,Yes,Yes,Yes,Yes
2661,Vivekanandha College of Technology for Women Sathinaickenpalayam,Namakkal District,POLLACHI,"PALLADAM ROAD, POLLACHI",642002,4259221386,pacollege@yahoo.com,www.pacolleges.org,Yes,Yes,Yes,Yes
2665,Mahendra Institute of Engineering and Technology Mahendrapuri,Namakkal District,MADUKKARAI,"NH 47, PALAKKAD MAIN ROAD,  NAVAKKARAI POAT, NEAR NANDHI  TEMPLE,COIMBATORE",641105,4222935353,dscollegecbe@gmail.com,www.dsce.ac.in,No,Yes,Yes,Yes
2667,Pallakapalayam Sankari West Post Komarapalayam Taluk Excel College of Architecture and Planning NH- Salem Main Road,Namakkal District,ANNUR,"SATHY MAIN ROAD,  KURUMBAPALAYAM VILLAGE, SS  KULUM, COIMBATORE",641107,9842215906,principal@adithyatech.com,www.adithyatech.edu.in,No,Yes,Yes,Yes
2673,Sree Sakthi Engineering College Bettathapuram Bilichi Village Karamadai,Coimbatore District,SULUR,NEELAMBUR AVINASHI ROAD,641062,9626273374,kathirce@gmail.com,www.kathir.ac.in,No,Yes,Yes,Yes
2683,Shreenivasa Engineering College B Pallipatti Bommidi Pappireddipatti Taluk,Dharmapuri District,,"SHREE VENKATESHWARA HI TECH  ENGINEERING COLLEGE,  OTHAKUTHIRAI, K METTUPALAYAM",638455,9942945555,svhecgobi@gmail.com,www.svhec.com,Yes,Yes,Yes,Yes
2704,Coimbatore Institute of Engineering and Technolgoy Autonomous Narasipuram,Coimbatore District,ERODE,"SURYA ENGINEERING  COLLEGE,KATHIRAMPATTI(PO),  METTUKADAI,ERODE",638107,4242555018,secerode@gmail.com,WWW.SURYA.AC.IN,No,Yes,Yes,Yes
2705,CSI College of Engineering Ketti The Nilgiris,The Nilgiris  196 District,MADUKKARAI,NH-47 PALAKKAD MAIN ROAD  NAVAKKARAI POST,641105,9364445555,easaprincipal@gmail.com,www.easacollege.com,No,Yes,Yes,Yes
2706,Dr. Mahalingam College of Engineering and Technology Autonomous,Coimbatore District,SULUR,"SF NO. 282, 283 KANNAMPALAYAM  (PO), COIMBATORE",641402,9965590099,principal@kitcbe.com,www.kitcbe.com,Yes,Yes,Yes,Yes
2707,Erode Sengunthar Engineering College Autonomous Thudupathi Post Erode,Erode District,NORTH COIMBATORE,"#365, KGISL CAMPUS,  SARAVANAMPATTI TO THUDIYALUR  ROAD, SARAVANMAPATTI",641035,9865052298,principal@kgkite.ac.in,www.kgkite.ac.in,No,Yes,Yes,Yes
2708,Hindusthan College of Engineering and Technology Autonomous,Coimbatore District,ERODE,"235, CHENNIMALAIPALAYAM ROAD",638052,7373714477,nandhatechnology@gmail.com,www.nandhatech.org,No,Yes,Yes,Yes
2710,Karpagam College of Engineering Autonomous Othakkalmandapam,Coimbatore District,COIMBATORE (NORTH),"NH-209, SATHY ROAD,  SARAVANAMPATTI",641035,9047777277,ppgit@ppg.edu.in,www.ppg.edu.in,No,Yes,Yes,Yes
2711,Kongu Engineering College Autonomous Perundurai,Erode District,MADUKKARAI,"JAWAHAR GARDENS, KALIAPURAM",641105,9003936801,nitprincipal@nehrucolleges.com,www.nehruinstitute.com,No,Yes,Yes,Yes
2712,Kumaraguru College of Technology Autonomous Chinnavedampatti Post,Coimbatore District,GOBICHETTIPALAYAM,"T.N.PALAYAM, GOBICHETTIPALAYAM",638506,9789339900,principal309@gmail.com,www.jkkmct.edu.in,No,Yes,Yes,Yes
2713,M P Nachimuthu M Jaganathan Engineering College Chennimalai,Erode District,COIMBATORE,2/449 A DURAI RAJ NAGAR NGGO  COLONY,641022,9688655599,principal@uit.ac.in,www.uit.ac.in,No,Yes,Yes,Yes
2715,Nandha Engineering College Autonomous Pitchandampalayam Post Erode,Erode District,SULUR,"SF.NO. 443/1,2, 442/1A & 442/1B,  KARUMATHAMPATTI, COIMBATORE  â€“ 641659.",641659,4212264900,info@jit.ac.in,www.jit.ac.in,No,Yes,Yes,Yes
2716,Park College of Engineering and Technology Kaniyur,Coimbatore District,KINATHUKADAVU,"BAGAVATHIPALAYAM ROAD,  KINATHUKADAVU, COIMBATORE -  642 109",642109,4259242570,info@acetcbe.edu.in,www.acetcbe.edu.in,No,Yes,Yes,Yes
2717,Sasurie College of Engineering Vijayamangalam,Tiruppur District,SULUR,KPR INSTITUTE OF ENGINEERING  AND TECHNOLOGY AVINASHI ROAD  ARASUR,641407,7502755577,principal@kpriet.ac.in,kpriet.ac.in,Yes,Yes,Yes,Yes
2718,Sri Krishna College of Enginering and Technology Autonomous Kuniamuthur,Coimbatore District,NAMAKKAL,"SH 95, ANNIYAPURAM POST,  MOHANUR MAIN ROAD",637017,9442134279,srgengg@gmail.com,WWW.SRGEC.ORG,No,Yes,Yes,Yes
2719,Sri Ramakrishna Engineering College Autonomous Vattamalaipalayam,Coimbatore District,SULUR,"PREMA RAVI NAGAR,  KARUMATHAMPAATI",641659,7094472931,principal@pct.ac.in,www.pct.ac.in,No,Yes,Yes,Yes
2721,Tamilnadu College of Engineering Karumathampatti Post,Coimbatore District,MADUKKARAI,"PICHANUR,COIMBATORE",641105,9361488801,info@jct.ac.in,www.jct.ac.in,No,Yes,Yes,Yes
2722,Sri Krishna College of Technology Autonomous Kovaipudur Post Coimbatore,Coimbatore District,MADUKKARAI,"1/2A-1, ALAGU NACHIAMMAN KOVIL  ROAD, PALATHURAI",641105,9965596707,principal-swce@swehg.com,https://studyworldindia.com,No,Yes,Yes,Yes
2723,Velalar College of Engineering and Technology Autonomous Thindal Post Erode,Erode District,MADUKKARAI,"APPACHIGOUNDENPATHY,  KUMITTIPATHI POST, COIMBATORE  641032",641032,9688194333,cmscet@gmail.com,www.cmscet.com,No,Yes,Yes,Yes
2725,Sri Ramakrishna Institute of Technology Autonomous Pachapalayam,Coimbatore District,SULUR,"KUMARAN KOTTAM CAMPUS,  KANNAMPALAYAM POST, TRICHY  ROAD, COIMBATORE-641402.",641402,4222687200,rvsetgi@rvsgroup.com,rvstcc.ac.in,No,Yes,Yes,Yes
2726,SNS College of Technology Autonomous Kalappatti Post,Coimbatore District,,"UNIVERSITY COLLEGE OF  ENGINEERING,(BHARATHISDASAN  INSTITUTE OF TECHNOLOGY",620024,4312407946,deanbit@annauniv.edu,www.aubit.edu.in,No,Yes,Yes,No
2727,Sri Shakthi Institute of Engineering and Technology Autonomous L&T Bye-Pass,Comibatore District,ARIYALUR,KATHANKUDIKADU,621731,4329291727,deanucea@gmail.com,https://www.auucea.edu.in,No,Yes,Yes,No
2728,Tamilnadu School of Architecture Tamilnadu College of Engineering Campus,Coimbatore District,PANRUTI,"CHENNAI KUMBAKONAM HIGHWAY  ,PANNIKANKUPPAM",607106,4142241000,deanpanruti@annauniv.edu,www.ucep.edu.in,No,Yes,Yes,No
2729,Nehru Institute of Engineering and Technology Thirumalayampalayam Post,Coimbatore District,MANACHANALLUR from,"TRICHY-SALEM HIGHWAYS, (NEAR  NO.1 TOLLGATE), MELPATHU,  SIRUGANBUR POST",621213,9361612300,principalmect@gmail.com,http://mectrichy.com/,No,Yes,Yes,Yes
2731,R V S College of Engineering and Technology Kannampalayam Sulur Coimbatore,Coimbatore District,CUDDALORE,"ANAND NAGAR, NELLIKUPPAM MAIN  ROAD, S.KUMARAPURAM,  MARUTHADU POST",607109,4142285601,kcet.skret@gmail.com,www.kcet.in,No,Yes,Yes,Yes
2732,Info Institute of Engineering Sarkar Samakulam,Coimbatore District,CUDDALORE,"JAYARAM  NAGAAR,CHELLANGKUPPAM,CUDDA  LORE",607003,9344934806,principal@ckcet.com,www.ckcet.edu.in,No,Yes,Yes,Yes
2735,Karpagam Institute of Technology Seerapalayam Village L&T By pass Road,Coimbatore District,PERAMBALUR,SRI SARADHA NAGAR NH 45  PERAMBALUR,621113,9585544688,sriramakrishnaengg@gmail.com,www.sriramakrishna.ac.in,No,Yes,Yes,Yes
2736,Dr. N G P Institute of Technology Autonomous Kalapatti Road Coimbatore,Coimbatore District,KUMBAKONAM,THANJAVUR MAIN ROAD  DARASURAM KUMBAKONAM,612702,4352417588,ksk1957@yahoo.com,www.kskcet.edu.in,No,No,No,Yes
2737,Sri Sai Ranganathan Engineering College Zahirnaickenpalayam Village Viraliyur,Coimbatore District,MANACHANALLUR,"SIVAGNANAM NAGAR, KONALAI",621132,8438609749,sureyacollege@gmail.com,http://suryaengg.ac.in,No,Yes,Yes,Yes
2739,Sri Eshwar College of Engineering Autonomous Kondampatti Post Vadasithur,Coimbatore District,THIRUKKUVALAI,"ESANOOR, KEELAIYUR (POST)",611103,9150528941,ARIFAPRINCIPAL@GMAIL.COM,WWW.AITECH.ORG.IN,No,Yes,Yes,Yes
2740,Hindusthan Institute of Technology Autonomous Othakkalmandapam,Coimbatore District,ARIYALUR from,"NH-227 TRICHY TO CHIDAMABARAM  MAIN  ROAD,MELAKARUPPUR(PO),MELAKA",621707,9600872441,principalaec2013@gmail.com,https://aecedu.net.in/,No,Yes,Yes,Yes
2741,P A College of Engineering and Technology Autonomous Palladam Road,Coimbatore District,BUDHALUR from,"GOVERNMENT COLLEGE OF  ENGINEEING, SENGIPATTI,  GANDARVAKOTTAI ROAD",613402,4362221112,gcesengipatti@gmai.com,www.gcetj.edu.in,No,Yes,Yes,No
2743,Dhanalakshmi Srinivasan College of Engineering CBE NH47 Palakkad Main,Coimbatore District,,THE PRINCIPAL GOVERNMENT  COLLEGE OF ENGINEERING  SRIRANGAM SETHURAPPATTI ROAD,620012,9488008656,gcesrirangam@gmail.com,www.gces.edu.in,No,Yes,Yes,No
2744,Adithya Institute of Technology Kurumbapalayam Village,Coimbatore District,ARIYALUR,NH 227 NERINCHIKORAI  PUDHUPALAYAM,621704,9443955435,nelliandavar@gmail.com,nelliandavar.com,No,Yes,Yes,Yes
2745,Kathir College of Engineering Neelambur Avinashi Road,Coimbatore District,MANNACHANALLUR TK,"KARIYAMANICKAM ROAD,  SAMAYAPURAM, TIRUCHIRAPPALLI",621112,9842111377,principal@krct.ac.in,www.krct.ac.in,Yes,Yes,Yes,Yes
2747,Shree Venkateshwara Hi-Tech Engineering College Autonomous Othakuthirai K,Erode District,NAGAPATTINAM,VELANKANNI ROAD PAPPAKOIL  ANDHANAPETTAI POST  NAGAPATTINAM,611102,4365299763,principal@sincet.ac.in,www.sincet.ac.in,No,Yes,Yes,Yes
2748,Surya Engineering College Mettukadai Kathirampatti Post,Erode District,THANJAVUR,MANANKORAI VILLAGE,614206,9443442928,starlionengineering@gmail.com,www.starlionengineering.ac.in,No,Yes,Yes,Yes
2749,Easa College of Engineering and Technology NH- Coimbatore-Palakkad Main,Coimbatore District,MUSIRI from,"TIRUCHIRAPPALLI-THURAIYUR MAIN  ROAD, PULIVALAM P.O MUSIRI  TALUK, TIRUCHIRAPALLI, TAMIL",621006,7401298259,principal@oasys.edu.in,www.oasys.edu.in,No,Yes,Yes,Yes
2750,KIT - Kalaignar Karunanidhi Institute of Technology Autonomous,Coimbatore District,SIRUGANUR,M.A.M SCHOOL OF ENGINEERING,621105,7708000972,mamschoolengg@yahoo.in,https://mamse.in/,No,Yes,Yes,Yes
2751,KGISL Institute of Technology KGISL Campus Thudiyalur Road Saravanampatti,Coimbatore District,MANACHANALLUR,"SRM TRP ENGINEERING COLLEGE,  SRM NAGAR, IRUNGALUR",621105,4312258940,principal@trp.srmtrichy.edu.in,https://trp.srmtrichy.edu.in/,No,Yes,Yes,Yes
2752,Nandha College of Technology Pitchandampalayam Post,Erode District,MAYILADUTHURAI,"MANNAMPANDAL,  MAYILADUTHURAI DISTRICT",609305,4364227202,avcce@avccengg.net,www.avccengg.net,No,Yes,Yes,Yes
2753,PPG Institute of Technology Vilankurichi Village,Coimbatore District,MANNACHANALLUR,"SIRUGANOOR, TIRUCHIRAPPALLI 621  105",621105,9790141513,principal@sacet.edu.in,www.sacet.edu.in,No,Yes,Yes,Yes
2755,Nehru Institute of Technology Autonomous Thirumalayampalayam Post,Coimbatore District,NEEDAMANGALAM,"ANJALAI AMMAL MAHALINGAM  ENGINEERING COLLEGE,  KOVILVENNI",614403,4374232516,principal@aamec.edu.in,www.aamec.edu.in,No,Yes,Yes,Yes
2758,J K KMunirajah College of Technology T N Palayam Gobi Taluk,Erode District,KUMBAKONAM,"ARASU ENGINEERING COLLEGE,  CHENNAI MAIN ROAD,  KUMBAKONAM",612501,7667443333,arasuengg@gmail.com,www.aec.org.in,No,Yes,Yes,Yes
2761,United Institute of Technology Gadalore Village Perianaickenpalayam,Coimbatore District,PERAMBALUR,THURAIYUR ROAD,621212,7094433186,principal@dsengg.ac.in,www.dsengg.ac.in,Yes,Yes,Yes,Yes
2762,Jansons Institute of Technology Karumathampatty Somaur,Coimbatore District,NAGAPATTINAM,"OLD NAGORE ROAD, THETHI  VILLAGE, NAGORE, NAGAPATTINAM.",611002,9894831458,principal.egspec@gmail.com,www.egspec.org,Yes,Yes,Yes,Yes
2763,Akshaya College of Engineering and Technology Kinathukadavu Coimbatore,Coimbatore District,SRIRANGAM,"AMMAPETTAI,  POOLANGULATHUPATTI POST",620009,9865211776,principal@jjcet.ac.in,www.jjcet.a.cin,No,Yes,Yes,Yes
2764,K P R Institute of Engineering and Technology Autonomous Kollupalayam,Coimbatore District,THURAIYUR from,"JAYARAM COLLEGE OF ENGINEERING  AND TECHNOLOGY,  KARATTAMPATTI, PAGALAVADI",621014,4327230270,principal@jayaramcet.edu.in,www.jayaramcet.edu.in,No,Yes,Yes,Yes
2767,SRG Engineering College Aniyapuram Post,Namakkal District,MANACHANNALLUR,"TRICHY-CHENNAI TRUNK ROAD,  SIRUGANUR, TIRUCHIRAPPALLI,  TAMILNADU - 621 105",621105,8220026054,principalmamce@mamce.org,www.mamce.org,No,Yes,Yes,Yes
2778,-,Coimbatore District,TIRUVERUMBUR,TRICHY - PUDUKKOTTI MAIN ROAD,620007,9787393272,principalengg@miet.edu,www.miet.edu,No,Yes,Yes,Yes
2779,Ranganathan Architecture College REC Kalvi Nagar Viraliyur Post Thondamuthur,Coimbatore District,KULATHUR,"SRINIVASANAGAR, KALAMAVUR,  KEERANUR - 622502, PUDUKKOTTAI  DT.",622502,9443708560,pdkmce@gmail.com,www.mookambigai.ac.in,No,Yes,Yes,Yes
3403,Mahalakshmi Engineering College Trichy-Salem Highways Near No. Tollgate,Tiruchirappalli District,TRICHY,"KARUMANDAPAM,PIRATTIYUR,TRICH  Y-09",620009,8072471490,principal@oxfordec.edu.in,www.oxfordec.edu.in,No,Yes,Yes,Yes
3410,Krishnasamy College of Engineering and Technology S Kumarapuram Cuddalore,Cuddalore District,THANJAVUR,"P R ENGINEERING COLLOGE, TRICHY  THANJAVUR HIGHWAY,  VALLAM,THANJAVUR-613403.",613403,9443263559,principal@prec.edu.in,www.Prec,No,Yes,Yes,Yes
3425,C K College of Engineering and Technology Chellangkuppam,Cuddalore District,KULATHUR,"THANJAI NATARAJAN NAGAR,  MATHUR",622515,9865181743,pabprincipal@gmail.com,www.pabcet.in,No,Yes,Yes,Yes
3446,Prime College of Architecture and Planning Main Road Kilvelur Nagapattinam,Nagapattinam District,PERAMBALUR,ELAMBALUR POST,621220,9750970161,office@roeverengg.edu.in,www.roeverengg.edu.in,No,Yes,Yes,Yes
3456,K S K College of Engineering and Technology Thanjavur Main Road Darasuram,Thanjavur District,TIRUCHIRAPPALLI,"VENKATESWARA NAGAR, PANJAPPUR",620012,8489915204,principal@saranathan.ac.in,https://www.saranathan.ac.in/,No,Yes,Yes,Yes
3460,Surya College of Engineering Konalai,Tiruchirappalli District,MANACHANALLUR,"SIVAGNANAM  NAGAR,KONALAI,TRICHY-621105.",621105,9442856435,principal@trichyengg.ac.in,www.trichyengg.ac.in,No,Yes,Yes,Yes
3461,Arifa Institute of Technology Formly Haji sheik Ismail Engineering College,Nagapattinam District,MANNARGUDI,"THIRUMAKKOTTAI MAIN ROAD,  EDARNATHAM",614016,8608782222,principalcet@arj.edu.in,www.arj.edu.in,No,Yes,Yes,Yes
3462,Ariyalur Engineering College NH- Trichy-Chithambaram NH Karuppur-,Ariyalur District,TITTAGUDI,"RAJA NAGAR,  VAITHIYANATHAPURAM",606303,7867086702,drnnceprincipal@gmail.com,www.drnnce.ac.in,No,Yes,Yes,Yes
3466,Nelliandavar Institute of Technology Nerunjikorai Village Pudhupalayam Ariyalur,Ariyalur District,THANJAVUR,"A.S. NAGAR, ELUPATTI,  RAWASAPATTI POST",613403,9444395284,sjcet.tnj@gmail.com,https://sjcettnj.edu.in/,No,Yes,Yes,Yes
3467,Prime Nest College of Architecture and Planning V.J.P.Campus Trichy-Chennai,Tiruchirappalli District,THOTTIAM from,"NAMAKKAL -TRICHY MAIN  ROAD,THOLURPATTI POST,THOTTIAM  TALUK,TRICHY",621215,8012505011,principalkncet@gmail.com,www.kongunadu.ac.in,Yes,Yes,Yes,Yes
3701,K Ramakrishnan College of Technology Autonomous Kariyamanickam Road,Tiruchirappalli District,MANACHANALLUR,"TRICHY-CHENNAI TRUNK ROAD,  SIRUGANUR",621105,9965055162,principal@mamcet.com,www.mamcet.com,No,Yes,Yes,Yes
3760,Sir Issac Newton College of Engineering and Technology Anthanapeetai Post,Nagappattinam District,MANNACHANALLUR,"NH45, SAMAYAPURAM (PO),  TIRUCHIRAPPALLI",621112,9842991377,principal@krce.ac.in,www.krce.ac.in,Yes,Yes,Yes,Yes
3766,Star Lion College of Engineering and Technology Manankorai Main Road,Thanjavur District,MANIKANDAM,"NH45B, MANIKANDAM",620012,8508688845,director@igceng.com,www.igceng.com,No,Yes,Yes,Yes
3782,OASYS Institute of Technology Pulivalam Village Musiri Taluk Tiruchirappalli,Tiruchirappalli District,THANJAVUR,"NH 67, RING ROAD, NANJIKKOTTAI,  THANJAVUR",613006,9659073327,pitsprincipal@gmail.com,www.parisuthamtech.com,No,Yes,Yes,Yes
3783,- M.A.M. School of Architecture Trichy-Chennai Trunk Road Siruganur,Tiruchirappalli District,SRIRANGAM,"NO.27,THAYANUR,TRICHY",620009,9962733133,principal.coe@care.ac.in,www.care.ac.in,No,Yes,Yes,Yes
3784,C.A.R.E School of Architecture No. Thayanur Village Kuttapatti Srirangam,Tiruchirappalli District,KATTUMANNARKOIL,"NATTARMANGALAM VILLAGE,  KATTUMANNARKOIL",608301,4144262728,aucoe8224@gmail.com,www.mrkit.in,No,Yes,Yes,Yes
3786,M.A.M. School of Engineering Siruganur,Tiruchirappalli District,SRIRANGAM,"POOLANGULATHUPATTI POST,SRI  RANGAM TALUK,TRICHY-620009",620009,9750965056,principal@shivani-sec.ac.in,www.shivani.ac.in,No,Yes,Yes,Yes
3795,SRM TRP Engineering College Irungalur Manachanallur Taluk Tiruchirappalli,Tiruchirappalli District,THURAIYUR,"KANNANUR, THURAIYUR",621206,8072787390,imayamengg2009@gmail.con,www.imayam.com,No,Yes,Yes,Yes
3801,A V C College of Engineering Mannampandal Post,MayiladuthuraiDistrict,ILLUPPUR,METTUSALAI,622102,9942904535,mtcetilluppur@gmail.com,www.mtcet.in,No,Yes,Yes,Yes
3803,Anjalai Ammal Mahalingam Engineering College Kovilvenni,Thiruvarur District,THIRUVIDAIMARUTHUR,KOVILACHERI,612503,9488488241,acet3849@annaiengg.org,www.annaiengg.org,No,Yes,Yes,Yes
3804,Arasu Engineering College Chennai Main Road Kumbakonam,Thanjavur District,THOTTIAM,"NAMAKKAL-TRICHY MAIN ROAD,  THOLURPATTI",621215,4326233777,principalvvcet850@gmail.com,www.vetrivinayaha.org,No,Yes,Yes,Yes
3805,Dhanalakshmi Srinivasan Engineering College Autonomous Thuraiyur Road,Perambalur District,ALANGUDI,"ARANTHANGI ROAD,KAIKURICHI(PO)",622303,9750928029,sribharathienggcollege@gmail.com,www.sbec.edu.in,No,No,Yes,Yes
3806,E G S Pillay Engineering College Autonomous,Nagapattinam District,ILLUPPUR,NM NAGAR SITHANNAVASAL ROAD  ARIYUR,622101,9003536835,maietpdkt@gmail.com,www.maietpdkt.org,No,Yes,Yes,Yes
3807,J J College of Engineering and Technology Poolankulathupatti Post,Thiruchirappalli District,THIRUVIDAIMARUTHUR,"THIRUMANGALAKUDI, ADUTHURAI",612102,9894245281,ascetao2017@gmail.com,www.assalamcollege.in,No,Yes,Yes,Yes
3808,Jayaram College of Engineering and Technology Karattampatti,Karattampatti District,UDAYARPALAYAM,"MEENAKSHI RAMASWAMY  ENGINEERING COLLEGE, TRICHY  MAIN ROAD, THATHANUR",621804,9894732128,mrengg2@yahoo.co.in,https://mrcengg.org.in/,No,Yes,Yes,Yes
3809,Kurinji College of Engineering and Technology Manapparai,Tiruchirappalli District,VEDARANYAM,SEMBODAI POST,614809,4369276381,859srvec@gmail.com,www.srvgroups.in,No,Yes,Yes,Yes
3810,M.A.M. College of Engineering Siruganur,Tiruchirappalli District,PANRUTI,ANGUCHETTYPALAYAM,607106,9080160429,stannescet@gmail.com,www.stannescet.ac.in,No,Yes,Yes,Yes
3811,M I E T Engineering College Trichy-Pudukkottai Road,Tiruchirappalli District,GANDARVAKKOTTAI,PUNALKULAM,613303,6380989024,contact@kingsengg.edu.in,www.kingsengg.edu.in,No,Yes,Yes,Yes
3812,Mookambigai College of Engineering Keeranur,Pudukkottai District,THIRUMAYAM,"LENAVILAKKU, PILIVALAM POST",622507,8973510000,info@mzcet.in,www.mzcet.in,No,Yes,Yes,Yes
3814,P R Engineering College Vallam,Thanjavur District,THIRUMAYAM,"PILIVALAM(POST),ARASAMPATTI",622507,4333274914,shanmuganathanengg@gmail.com,www.shanmuganathanengg.in,No,Yes,Yes,Yes
3815,Pavendar Bharathidasan College of Engineering and Technology Pudukkottai,Tiruchirappalli District,KULATHUR,SATHIYAMANGALAM,622501,9865669610,principal@sec.ac.in,www.sec.ac.in,No,Yes,Yes,Yes
3817,Roever Engineering College Elambalur,Perambalur District,ALANGUDI,"DHAKSHINAPURAM,  VALLATHIRAKOTTAI",622305,7845338820,principalmnsk2012@gmail.com,www.mnsk.ac.in,No,Yes,Yes,Yes
3819,Saranathan College of Engineering Panjappur,Tiruchirappalli District,THIRUMAYAM,"LENA VILAKKU, PILIVALAM POST,  THIRUMAYAM TALUK,  PUDUKKOTTAI",622507,7373755574,admin@chendhuran.in,www.chendhuran.ac.in,No,Yes,Yes,Yes
3820,Trichy Engineering College Konalai,Tiruchirappalli District,TIRUNELVELI from,"""ANNA UNIVERSITY REGIONAL  CAMPUS - TIRUNELVELI,  KANYAKUMARI ROAD, NEAR NEW",627007,4622551298,deanoffice@auttvl.ac.in,www.auttvl.ac.in,No,Yes,Yes,No
3821,A R J College of Engineering and Technology Mannargudi Taluk Thiruvarur,Thiruvarur District,AGATHEESWARAM,"INDUSTRIAL ESTATE KONAM,  NAGERCOIL",629004,9443110201,deanucen@gmail.com,www.ucen.ac.in,No,Yes,Yes,Yes
3822,Dr.NavalarNedunchezhiyan College of,286 Dr.NavalarNedunchezhiyan College of District,THOOTHUKUDI,7TH STREET BRYANT NAGAR,628008,9486124735,deanautut@annauniv.edu,www.annaunivtut.in,No,Yes,Yes,Yes
3825,St. Joseph's College of Engineering and Technology Elupatti Village Rawaspatti,Thanjavur District,AGASTHEESWARAM,"ANJUGRAMAM-KANYAKUMARI MAIN  ROAD,PALKULAM,VARIYOOR P.O",629401,4652218888,principal@rcet.org.in,www.rcet.org.in,No,Yes,Yes,Yes
3826,Kongunadu College of Engineering and Technology Autonomous Tholurpatti,Tiruchirappalli District,AGASTEESWARAM,"ARUTHENGANVILAI, KALLUKATTI  JUNCTION, AZHIKAL POST",629202,4651239122,info@stellamaryscoe.edu.in,www.stellamaryscoe.edu.in,No,Yes,Yes,Yes
3829,M.A.M. College of Engineering and Technology Trichy-Chennai Trunk Road,Tiruchirappalli District,RADHAPURAM,"ANBAGAM CAMPUS, RADHAPURAM  ROAD, VALLIOOR.",627117,9003409585,unienggtech@gmail.com,www.unienggtech.com,No,Yes,Yes,Yes
3830,K Ramakrishnan College of Engineering Autonomous Kariyamanickam Road,Tiruchirappalli District,SATTUR,"SALVARPATTI, SIVAKASI",626128,9445110528,rvceoffice@gmail.com,www.rvce.ac.in,No,Yes,Yes,Yes
3831,Indra Ganesan College of Engineering Madurai Main Road Manikandam,Tiruchirappalli District,VILAVANCODE,"MARTHANDAM- KARUNGAL MAIN  ROAD, MULLANGANAVILAI,  KANYAKUMARI DT",629165,9443692427,lmcetprincipal@gmail.com,www.lourdesmountcollege.com,No,Yes,Yes,Yes
3833,Parisutham Institute of Technology and Science Ring Road Nanjikottai Thanjavur,Thanjavur District,,"RAMCO INSTITUTE OF TECHNOLOGY,  NORTH VENGANALLUR VILLAGE,  KRISHNAPURAM PANCHAYAT",626117,9788212234,rit@ritrjpm.ac.in,https://www.ritrjpm.ac.in/,No,Yes,Yes,Yes
3841,Village Thayanoor Village Kuttappatti Srirangam Taluk CARE College of Engineering Formerly C.A.R.E Group of Institutions Thayanoor,Tiruchirappalli District,VIRUDHUNAGAR,"KAMARAJAR EDUCATIONAL ROAD,  AMATHUR VILLAGE, SIVAKASI,  VIRUDHUNAGAR DISTRICT",626005,4562251111,aaaengineeringcollege@gmail.com,aaaenggcoll.ac.in,No,Yes,Yes,Yes
3843,M R K Institute of Technology Nattarmangalam Village Kattumannarkoil,Cuddalore District,VILAVANCODE,"MARUTHAMPARAI POST, KALIYAL",629101,8610904031,gscet2018@gmail.com,www.gscet.org,No,Yes,Yes,Yes
3844,Shivani Engineering College Trichy-Dindigul NH Road Poolangulathupatti,Poolangulathupatti District,SATHANKULAM,"V V NAGAR, ARASOOR VILLAGE,  IDAICHIVILAI PO",628656,7010987744,info@vvcoe.org,www.vvcoe.org,No,Yes,Yes,Yes
3845,Imayam College of Engineering Kannanur Thuraiyur,Tiruchirappalli District,KARIAPATTI,"PULLOOR, KARIAPATTI TALUK,  VIRUDHUNAGAR DIST",626115,9443564850,principal@sethu.ac.in,www.sethu.ac.in,Yes,Yes,Yes,Yes
3846,Mother Terasa College of Engineering and Technology Mettusalai Post and Taluk,Pudukkottai District,THIRUVATTAR,ATTOOR,629177,7373057776,pplmaria@yahoo.com,www.mariacollegeofengineering.org,No,Yes,Yes,Yes
3848,- Vandayar Engineering College Pulavarnatham Post Mariamman Koil Via,Thanjavur District,VILAVANCODE,"MALANKARA HILLS, ELAVUVILAI",629171,9442448111,marephraem@gmail.com,www.marephraem.edu.in,No,Yes,Yes,Yes
3849,Annai College of Engineering and Technology Anakudi Road Kovilacheri,Thanjavur District,THOVALAI from,"NO.: 13/142 A9/9 MOGALS GARDEN,  THOVALAI VILLAGE, ARALVAIMOZHI  TOWN PANCHAYAT, THOVALAI",629301,9003390996,metec09@gmail.com,https://metcolleges.in/,No,Yes,Yes,Yes
3850,VetriVinayaha College of Engineering and Technology Namakkal-Trichy Main,Tiruchirappalli District,THOOTHUKUDI,"TIRUCHENDUR ROAD, MULLAKKADU,  THOOTHUKUDI",628005,9443113113,info@gracecoe.org,www.gracecoe.org,No,Yes,Yes,Yes
3852,Sri Bharathi Engineering College for Women Kaikkuruchi Village Alangudi Taluk,Pudukkottai District,VILAVANCODE from,"#143/C LAL NIVAS,  MARTHANDAM(PO),  KANYAKUMARIDIST, TAMIL",629165,4651292368,iajj.principal2011@gmail.com,http://www.iajjce.com,No,Yes,Yes,Yes
3854,Mahath Amma Institute of Engineering and Technology MIET Ariyur Annavasal,Pudukkottai District,SRIVAIKUNDAM TALUK,"MUDIVAITHANENDAL POST,  VAGAIKULAM",628102,4612269301,principal@mtec.ac.in,www.mtecac.in,No,Yes,Yes,Yes
3855,As-Salam College of Engineering and Technology Thirumangalakudi Aduthurai,Thanjavur District,ERAL from,"7/131,HOLYCROSS NAGAR,  SRIVAIKUNTAM, VAGAIKULAM  EXPRESS ROAD , THANOOTHU",628851,9994226362,dgrtrust@gmail.com,www.holycrossengineeringcollege.com,No,Yes,Yes,Yes
3857,Meenakshi Ramaswamy Engineering College Trichy Main Road Thathanur,Ariyalur District,VILAVANCODU,SIVAJI COLLEGE OF ENGINEERING  AND TECHNOLOGY MANIVILAI  PALUKAL,629170,9443595639,sivajicollege@gmail.com,https://sivajicollegeofengineering.com,No,Yes,Yes,Yes
3860,St. Anne's College of Engineering and Technology Anguchettypalayam Siruvathur,Cuddalore District,KOVILPATTI,"SUBA NAGAR , NEAR NEW BUSSTAND",628502,4632221232,uitkpt@gmail.com,www.uitkovilpatti.ac.in,No,Yes,Yes,Yes
3905,Kings College of Engineering Punalkulam,Pudukkottai District,KALKULAM,"THANKA GARDENS, MANAVILAI,  VELLICHANTHAI, NAGERCOIL",629203,9443418553,acewomenscollege@gmail.com,www.arunachalacollege.com,No,No,Yes,Yes
3908,Mount Zion College of Engineering and Technology Pilivalam Post Pudukkottai,Pudukkottai District,THOVALAI,"KUMARAPURAM ROAD,  ARALVAIMOZHI",629301,9150076732,dmieckk@gmail.com,www.dmiengg.edu.in,No,Yes,Yes,Yes
3918,Shanmuganathan Engineering College Pillivalam Post,Pudukkottai District,AGASTHEESWARAM,"OZHUGINASERY,NAGERCOIL",629001,4652272223,info@riit.cc,www.rit.cc,No,Yes,Yes,Yes
3920,Sudharsan Engineering College Sathiyamangalam Post,Pudukkottai District,PALAYAMKOTTAI,MELATHEDIYOOR,627152,9486507441,psnits.principal@gmail.com,www.psnits.ac.in,No,Yes,Yes,Yes
3923,M N S K College of Engineering Vallathirakkottai Post,Pudukkottai District,THOVALAI,"GRACE GARDEN, THOVALAI",629302,9489463270,csiit_thovalai@yahoo.com,www.csiit.ac.in,No,Yes,Yes,Yes
4670,Rohini College of Engineering & Technology Anjugramam-Kanyakumari Main,Kanyakumari District,RADHAPURAM,"LEVENGIPURAM,RAJAKRISHNAPURA  M POST",627114,9442079322,capeitech@yahoo.com,www.capeitech.org,No,Yes,Yes,Yes
4671,Sigma College of Architecture Moododu Anucode Post Marthandam,Kanyakumari District,TIRUCHENDUR,"TIRUNELVELI ROAD, TIRUCHENDUR",628215,9443087064,princyengg@aei.edu.in,www.drsacoe.org,No,Yes,Yes,Yes
4672,Stella Mary's College of Engineering ArunthenganVilai Azhikal Post Kanyakumari,Kanyakumari District,TIRUNELVELI,103 G2 BY PASS ROAD  VANNARPETTAI,627003,4622502283,principal@francisxavier.ac.in,www.francisxavier.ac.in,Yes,Yes,Yes,Yes
4675,Universal College of Engineering and Technology Anbagam Campus Radhapuram,Tirunelveli District,THOVALAI,"RAJA NAGER, MUPPANDAL,  ARALVAIMOZHI",629301,9943025312,jayamathacollege@yahoo.com,jayamatha.org,No,Yes,Yes,Yes
4676,RenganayagiVaratharaj College of Engineering Salvarpatti Sivakasi Virudhunagar,Virudhunagar District,ERAL,MARGOSCHIS NAGAR NAZARETH,628617,9442242889,jacsiprincipalce@gmail.com,www.jacsicoe.in,No,Yes,Yes,Yes
4677,Lourdes Mount College of Engineering and Technology Marthandam-Karungal,Kanyakumari District,KALLIGUDI from,"S.P.G.CHIDAMBARA NADAR  -C.NAGAMMAL  CAMPUS,S.P.G.C.NAGAR,K.VELLAKUL",625701,4549278171,mail@kamarajengg.edu.in,www.kamarajengg.edu.in,Yes,Yes,Yes,Yes
4678,Ramco Institute of Technology North venganallur Village Krishnapuram,Virudhunagar District,NANGUNERI,"MOONDRADAIPPU, MARUTHAKULAM  (P.O), TIRUNLELVELI DIST - 627151",627151,9787009922,nceng@mhtrust.com,www.nce.ac.in,No,Yes,Yes,Yes
4679,V.P.M.M. College of Architecture For,Virudhunagar District,KOVILPATTI,"K.R NAGAR, KOVILPATTI",628503,4632222502,principal@nec.edu.in,https://nec.edu.in/,Yes,Yes,Yes,Yes
4680,AAA College of Engineering and Technology Kamarajar Educational Road,Virudhunagar District,PALAYAMKOTTAI,"MELATHEDIYOOR, PALAYAMKOTTAI  TALUK, TIRUNELVELI",627152,4634279680,principal@psncet.ac.in,www.psncet.ac.in,Yes,Yes,Yes,Yes
4686,Good Shepherd College of Engineering and Technology Maruthamparai,Kanyakumari District,VEMBAKOTTAI,"APPAYANAICKENPATTI,SEVALPATTI",626140,8012531321,contact@psr.edu.in,www.psr.edu.in,Yes,Yes,Yes,Yes
4864,V V College of Engineering Arasoor Village Idaichivilai Post Santhakulam Taluk,Thoothukudi District,RADHAPURAM,"PET ENGINEERING COLLEGE, POST  BOX NO.6, TIRUCHENDUR  ROAD,VALLIOOR - 627117",627117,4637220999,pet.engg@gmail.com,www.petengg.ac.in,No,Yes,Yes,Yes
4917,Sethu Institute of Technology Autonomous Kariapatti Post Virudhunagar,Virudhunagar District,KADAYANALLUR,"S V C NAGAR, PULIANGUDI",627855,9551005603,principal@svccollege.ac.in,www.svccollege.ac.in,No,Yes,Yes,Yes
4925,- Sun College of Engineering and Technology Ammandivilai& Post Kanyakumari,Kanyakumari District,ALANGULAM,"RAJA NAGAR, ADAIKALAPATTINAM  (POST)",627808,4633210475,srce-principal@src.org.in,www.src.org.in,No,Yes,Yes,Yes
4927,Maria College of Engineering and Technology AttoorPuliyamoodu Junction,Kanyakumari District,CHERANMAHADEVI,"SCAD NAGAR,CHERANMAHADEVI",627414,4634261701,principal@scadengineering.ac.in,www.scadengineering.ac.in,No,Yes,Yes,Yes
4928,MAR Ephraem College of Engineering & Technology Malankara Hills Elavuvillai,Kanyakumari District,ARUPPUKOTTAI from,"ARUPPUKOTTAI TO THOOTHUKUDI  HIGH WAYS,  CHETTIKURICHI,ARUPPUKOTTAI",626134,04566229801,ssceengg@gmail.com,www.sowdambikaengg.edu.in,No,Yes,Yes,Yes
4929,M E T Engineering College Mogals Garden Thovalai Village Aralvaimozhi Town,Kanyakumari District,KALKULAM from,"ST. XAVIERS CATHOLIC COLLEGE OF  ENGINEERING(AUTONOMOUS),  CHUNKANKADAI, NAGERCOIL -",629003,9842799973,principal@sxcce.edu.in,www.sxcce.edu.in,Yes,Yes,Yes,Yes
4931,Grace College of Engineering Chandy Nagar Mullakkadu,Thoothukudi District,THOVALAI,"AMRITAGIRI,ERACHAKULAM  (P.O),NAGERCOIL",629901,4652237400,principal@amrita.edu.in,https://amrita.edu.in,No,Yes,Yes,Yes
4932,Immanuel Arasar J.J. College of Engineering Edavilagam Nattalam Marthandam,Marthandam District,TIRUNELVELI,"TIRUVANDRUM ROAD, TIRUNELVELI",627007,4622552450,principal@gcetly.ac.in,www.gcetly.ac.in,No,Yes,Yes,Yes
4933,St. Mother Theresa Engineering College Vagaikulam,Thoothukudi District,ERAL,"POPE NAGAR, SAWYERPURAM",628251,4630273933,drgupopeengineering@yahoo.com,https://www.drgupopeengg.org/,No,Yes,Yes,Yes
4934,Holy Cross Engineering College Vagaikulam Sri Mulakarai Srivaikuntam,Thoothukudi District,SRIVAIKUNDAM TALUK,"KAMARAJAR NAGAR  KEELAVALLANADU  ,ELLAINAYAKKANPATTI POST",628851,9444446699,contact@ijce.ac.in,www.ijce.ac.in,No,Yes,Yes,Yes
4937,- A.R College of Engineering and Technology A.R Nagar Kadayam-Alangulam Road,Kadayam-Alangulam Road District,VILAVANCODE,"CHITTADAVU  ESTATE,MANJALUMOODU,(VIA  KUZHITHURAI)",629151,9486955017,info@ngce.ac.in,www.ngce.ac.in,No,Yes,Yes,Yes
4938,Sivaji College of Engineering and Technology ManivillaPalulai Panchayat,Kanyakumari District,KALKULAM,"UDAYA NAGAR, VELLAMODI  JUNCTION, AMMANDIVILAI POST",629204,9281090009,978udayaengineering@gmail.com,www.udayaschoolofengineering.com,No,Yes,Yes,Yes
4941,Unnamalai Institute of Technology Ayyaneri Kovilpatti,Thoothukudi District,MANUR,"SIR,C,V,RAMAN NAGAR,  SEETHAPARPANALLUR",627012,9489903804,principal@einsteincollege.ac.in,www.einsteincollege.ac.in,No,Yes,Yes,Yes
4943,- Satyam College of Engineering and Technology Satyam,Satyam District,AGASTEESWARAM,"PONJESLY COLLEGE OF  ENGINEERING, NAGERCOIL 629 003",629003,4652259680,ponjeslyce@yahoo.co.in,www.ponjesly.ac.in,No,Yes,Yes,Yes
4944,Arunachala College of Engineering for Women Thanka Gardens Manavilai,Kanyakumari District,KALKULAM,"VINS NAGER,CHUNKANKADAI",629003,9787747072,vinsengg@gmail.com,https://vinsengineeringcollege.org/,No,Yes,Yes,Yes
4946,D M I Engineering College Aralvaimozhi Village Thovalai,Kanyakumari District,AGASTEESWARAM,"PSN NAGAR,  RAMANATHICHANPUTHUR,  KUMARAPURAMTHOPPUR POST",629402,9442367452,principalljcet@yahoo.com,www.ljcet.org,No,Yes,Yes,Yes
4948,Rajas Institute of Technology Ozhuginasery Nagercoil,Kanyakumari District,THIRUVATTAR,"P.M. VILLAGE ROAD, KUTTAKUZHI,  VEEYANNOOR POST, KANYAKUMARI  DISTRICT",629177,9345646460,macet.office@gmail.com,www.macet.edu.in,No,Yes,Yes,Yes
4952,C S I Institute of Technology Thovalai,Kanyakumari District,PALAYAMKOTTAI,MELATHEDIYOOR,627152,9442591131,principalpsnec@gmail.com,www.psnec.ac.in,No,Yes,Yes,Yes
4953,CAPE Institute of Technology Levingipuram,Tirunelveli District,KILIYOOR,"NADUTHERI, KARUNGAL",629157,9489058366,mail@bethlahem.org,http://bethlahem.org/engineering/index.php,No,Yes,Yes,Yes
4954,Dr.SivanthiAditanar College of Engineering Tiruchendur,Thoothukudi District,AGASTEESWARAM,"LOYOLA NAGAR, THOVALAI  RAJAVOOR ROAD",629302,9244775545,lites2008@hotmail.com,www.lites.edu.in,No,Yes,Yes,Yes
4955,Francis Xavier Engineering College Autonomous Vannarpettai Tirunelveli,Tirunelveli District,KADAYANALLUR,"COLLEGE ROAD, AYIKUDY, TENKASI",627852,8012520430,principal@jpcoe.ac.in,www.jpcoe.ac.in,No,Yes,Yes,Yes
4956,Jayamatha Engineering College Aralvaimozhi,Kanyakumari District,VEMBAKOTTAI,"APPAYANAICKENPATTI,SEVALPATTI,  VIRUDHUNAGAR DISTRICT-626140",626140,8012531325,contact@psrr.edu.in,www.psrr.edu.in,No,Yes,Yes,Yes
4957,JayarajAnnapackiam CSI College of Engineering Nazareth,Thoothukudi District,VIRUDHUNAGAR,SIVAKASI MAIN ROAD,626005,9750977100,srivcetvnr@gmail.com,www.srividyaengg.ac.in,No,Yes,Yes,Yes
4959,Kamaraj College of Engineering and Technology Autonomous Virudhunagar,Virudhunagar District,SIVAGIRI,"KOIL NAGAR , ATHUVAZHI VIA ,  VASUDEVANALLUR",627760,9345530572,mkbharathi2008@gmail.com,www.mbceat.in,No,Yes,Yes,Yes
4960,Mepco Schlenk Engineering College Autonomous Sivakasi,Virudhunagar District,AGASTEESWARAM,"AVK NAGAR, POTHAIYADI SALAI,  POTTALKULAM, AZHAGAPPAPURAM,  KANYAKUMARI DISTRICT - 629401",629401,9841011759,principal@avce.edu.in,www.avce.edu.in,No,Yes,Yes,Yes
4961,Nellai College of Engineering Formerly National College of Engineering,Tirunelveli District,MADURAI,THIRUPPARANKUNDRAM,625015,7540078734,principal@tce.edu,www.tce.edu,Yes,Yes,Yes,Yes
4962,National Engineering College Autonomous Kovilpatti,Thoothukudi District,BODINAYAKKANUR from,"GOVERNMENT COLLEGE OF  ENGINEERING,MELACHOKKANATHAP  URAM,BODINAYAKKANUR,THENI,TA",625582,4546282555,gcebodi@gmail.com,www.gcebodi.ac.in,No,Yes,Yes,No
4966,PET Engineering College Vallioor Post,Tirunelveli District,MADURAI SOUTH,"KANYAKUMARI NATIONAL  HIGHWAY, KEELAKUILKUDI",625019,9443746149,dean@autmdu.ac.in,www.autmdu.in,No,Yes,Yes,No
4967,S VeerasamyChettiar College of Engineering and Technology Puliangudi Post,Tenkasi District,KARAIKUDI,"ALAGAPPA PURAM, CSIR-CECRI,  KARAIKUDI",630003,4565241531,cfe@cecri.res.in,https://cecri.res.in/,No,Yes,Yes,No
4968,Sardar Raja College of Engineering Alangulam,Tenkasi District,RAMANATHAPURAM,"EAST COAST ROAD, PULLANGUDI",623513,4567260260,ucermd@gmail.com,www.aucermd.edu.in,No,Yes,Yes,No
4969,SCAD College of Engineering and Technology Cheranmahadevi,Tirunelveli District,,"UNIVERSITY COLLEGE OF  ENGINEERING DINDIGUL, A  CONSTITUENT COLLEGE OF ANNA",624622,9498004242,deandglau@gmail.com,https://auucedgl.ac.in/,No,Yes,Yes,No
4970,Sree Sowdambika College of Engineering Aruppukkottai Taluk Virudhunagar,Virudhunagar District,KARAIKUDI,"17, KURUCHIPURAVU, DR.SRIDHAR  EYE HOSPITAL SOUTH, KARAIKUDI",630003,9843963007,elango.arum69@gmail.com,www.sriraajaraajan.in,No,Yes,Yes,Yes
4971,St. Xavier's Catholic College of Engineering Autonomous Chunkankadai,Kanyakumari District,ATTHOOR,"AKKARAI PATTY, SINDALAGUNDU  PO, DINDIGUL-PALANI  HIGHWAY,DINDIGUL-624002",624002,7373707003,ssmietdgl@gmail.com,www.ssmiet.ac.in,No,Yes,Yes,Yes
4972,AMRITA College of Engineering and Technology Erachakulam Post Kanyakumari,Kanyakumari District,MELUR,"THERKU THERU, MELUR POST,  MADURAI - 625122",625122,7010007801,vaigaiprincipal@gmail.com,www.vaigai.org,No,Yes,Yes,Yes
4975,Dr. G U Pope College of Engineering Sawyerpuram,Thoothukudi District,KARAIKUDI,"KIT AND KIM TECHNICAL  CAMPUS,KEERANIPATTI,MANAGIRI  POST KARAIKUDI 630307",630307,8903632366,kitandkimtechnicalcampus@yahoo.com,www.kitandkimtechnicalcampus.org,No,Yes,Yes,Yes
4976,Infant Jesus College of Engineering Thoothukudi Highway NH7/A Thoothukudi,Thoothukudi District,MADURAI NORTH,"7-1-139-MANGAYARKARASI  NAGAR,PARAVAI",625402,9150358900,mangai.enggcoll@gmail.com,mce-madurai.ac.in,No,Yes,Yes,Yes
4977,Narayanaguru College of Engineering Manjalumoodu,Kanyakumari District,ATHOOR,DINDIGUL -THENI MAIN ROAD,624303,9442180199,jaineeedu@yahoo.in,www.jaineecollegeofengineering.org,No,Yes,Yes,Yes
4978,Udaya School of Engineering Ammandivilai Post,Kanyakumari District,ODDANCHATRAM,"NEAR CHECK POST, ODDANCHATRAM",624619,9524124125,principal@christianengineering.in,https://christianengineering.in/,No,Yes,Yes,Yes
4980,Einstein College of Engineering Seethaparpanallur,Tirunelveli District,NATHAM TK,NPR NAGAR PUNNAPATTI VILLAGE  ULUPPAKUDI PO,624401,7373444449,nprcetprincipal@nprcolleges.org,WWW.NPRCET.ORG,Yes,Yes,Yes,Yes
4981,Ponjesly College of Engineering Vettornimadam Post Nagercoil Kanyakumari,Kanyakumari District,THIRUPPUVANAM,"POTTAPALAYAM, SIVAGANGAI  (DISTRICT)",630612,7845800144,principal.miet9111@gmail.com,www.srmmcet.edu.in,No,Yes,Yes,Yes
4982,Vins Christian College of Engineering Chunkankadai Post Nagercoil Kanyakumari,Kanyakumari District,ATTUR,PVP NAGAR DINDIGUL TO KUMILY  HIGHWAYS K SINGARAKOTTAI,624708,9786179143,vec.pvp@gmail.com,www.pvpveerammal.com,No,Yes,Yes,Yes
4983,Lord Jegannath College of Engineering and Technology Kumarapuram Thoppur,Kanyakumari District,VEDASANDUR,RVS NAGAR OLD KARUR ROAD  DINDIGUL,624005,4551227229,principalrvsetgi@rvsgroup.com,https://www.rvsetgidgl.ac.in,No,Yes,Yes,Yes
4984,Marthandam College of Engineering & Technology Kuttakuzhi Veeyanoor Post,Kanyakumari District,PERIYAKULAM,"VADAPUDUPATTI,ANNANJI PO,THENI",625531,4546263900,principal@nscet.org,www.nscet.org,No,Yes,Yes,Yes
4989,PSN Engineering College Melathediyoor,Tirunelveli District,,"ALAGAPPA CHETTIAR GOVERNMENT  COLLEGE OF ENGINEERING AND  TECHNOLOGY, (AUTONOMOUS)",630003,4565224528,accetprincipal@gmail.com,www.accetedu.in,Yes,Yes,Yes,No
4992,Bethlahem Institute of Engineering Karungal,Kanyakumari District,AUNDIPATTY,"SRI GOWRI NAGAR,  THIMMARASANAICKANOOR",625536,9003750504,bnecadmin@gmail.com,www.bnec.ac.in,No,Yes,Yes,Yes
4993,Loyola Institute of Technology and Science Loyola Nagar P B No. Thovalai,Kanyakumari District,THIRUPPUVANAM,"POTTAPALAYAM, MADURAI -  NEDUNKULAM ROAD.",630612,4522090184,info@klnce.edu,www.klnce.edu,Yes,Yes,Yes,Yes
4994,J P College of Engineering College Road Ayakudy Tenkasi Taluk,Tenkasi District,KILAKARAI,"SATHAK NAGAR,EAST COAST  ROAD,KILAKARAI",623806,9940004506,admission@msec.org.in,www.msec.org.in,No,Yes,Yes,Yes
4995,P.S.R.R College of Engineering Appayanaickenpatti Sevalpatti Virudhunagar,Virudhunagar District,DINDIGUL,KOTHANDARAMAN NAGAR PALANI  ROAD DINDIGUL,624622,4512554411,principal@psnacet.edu.in,https://www.psnacet.edu.in/,Yes,Yes,Yes,Yes
4996,Sri Vidya College of Engineering and Technology Sivakasi Main Road P,Virudhunagar District,THIRUPARANKUNRAM,"THANAPANDIYAN NAGAR,AIIMS  ROAD, MADURAI",625008,9360033000,officeptrcet@gmail.com,www.ptrcet.edu.in,No,Yes,Yes,Yes
4998,MahakaviBharathiyar College of Engineering and Technology Vasudevanallur,Tenkasi District,SIVAGANGAI,"MADURAI -SIVAGANGAI HIGHWAY,  ARASANOOR,THIRUMANSOLAI  POST,SIVAGANGAI.",630561,9842102628,info@psyec.edu.in,www.psyec.edu.in,No,Yes,Yes,Yes
4999,AnnaiVailankanni College of Engineering Pothaiyadi Salai Pottalkulam,Kanyakumari District,VEDASANDUR,"R V S COLLEGE OF ENGINEERING, N  PARAIPATTI POST, DINDIGUL  DISTRICT 624005",624005,9842449284,rvscet.dgl@rvsgroup.com,www.rvseng.ac.in,No,Yes,Yes,Yes
5502,Sri Raajaraajan College of Engineering & Technology Amaravathi Village,Sivagangai District,MELUR,KIDARIPATTI ALAGARKOIL,625301,8300076901,principal@sacsmec.in,www.sacsmec.in,No,Yes,Yes,Yes
5530,SSM Institute of Engineering and Technology Kuttathupatti Village Sindalaigundu,Dindigul District,KALAYARKOIL,"ST.SANTHIYAGAPPER  NAGAR,KALAYARKOIL",630551,9942796723,info@smcet.edu.in,www.smcet.edu.in,No,Yes,Yes,Yes
5532,Vaigai College of Engineering Therkutheru Melur Taluk,Madurai District,RAMANATHAPURAM,"DR E M ABDULLAH CAMPUS,  LANTHAI, ACHUNTHANVAYAL POST,  RAMANATHAPURAM",623502,9487304000,office@syedengg.ac.in,www.syedengg.ac.in,No,Yes,Yes,Yes
5533,KIM Technical Campus Keeranipatti Thalakkuvur Karaikudi Karaikudi Institute of Technology and Karaikudi Institute of Management KIT &,Sivagangai District,PARAMAKUDI,MELAKAVANUR PO- PARAMAKUDI,623706,8667712621,ganapathyec@gmail.com,WWW.GANAPATHYCHETTIARENGINE,No,Yes,Yes,Yes
5536,Mangayarkarasi College of Engineering First Street Mangayarkarasi Nagar,Madurai District,DINDIGUL,"SBM NAGAR,THAMARAIPADI,TRICHY  ROAD",624005,9842190901,sbmecollege@gmail.com,www.sbminstitutions.ac.in,No,Yes,Yes,Yes
5537,Jainee College of Engineering and Technology Dindigul-Theni Main Road Near,Dindigul District,MADURAI EAST,"MADURAI - SIVAGANGAI MAIN  ROAD, SENKOTTAI  VILLAGE,MADURAI",625020,9942982321,fmcet935@gmail.com,www.fmcet.ac.in,No,Yes,Yes,Yes
5538,- J.K. College of Architecture NH- Madurai Road Begampur Post Dindigul,Dindigul District,MADURAI,"69/1A, ULTRA NAGAR, MADURAI -  CHENNAI HIGHWAY ROAD, MADURAI",625104,9443799922,principal@ucetw.ac.in,www.ucetw.ac.in,No,Yes,Yes,Yes
5720,- Sri Subramanya College of Engineering and Technology Sukkamanaickanpatti,Dindigul District,MADURAI SOUTH,"VELAMMAL NAGAR,VIRAGANOOR",625009,9994994991,principal@vcet.ac.in,www.vcet.ac.in,Yes,Yes,Yes,Yes
5832,N P R College of Engineering and Technology Autonomous Natham Dindigul,Dindigul District,THENI,"KAMMAVAR NAGAR, THENI MAIN  ROAD, KODUVILARPATTI POST,  THENI DISTRICT-625534",625534,4546250496,principaltksct@gmail.com,www.tksct.in,No,Yes,Yes,Yes
5862,R V S Educational Trust’s Groups of Institutions Integrated Campus N Paraipatti,Dindigul District,MELUR,LATHA MATHAVAN NAGAR  KIDARIPATTI ALAGAR KOVIL VIZ  MADURAII,625301,9965503926,lmecmdu@yahoo.co.in,www.lathamathavan.edu.in,No,Yes,Yes,Yes
5863,Architecture RVS Nagar Karur Road N Paraipatti Post Vedasandur Taluk R V S Educational Trust's Group of Institutions foremerly R V S School of,Dindigul District,CHENNAI,"POONAMALLE BYE PASS ROAD,  POONAMALLE ,CHENNAI",600056,7418356555,jayaarchitecture@gmail.com,www.jayaarchitecture.com,No,Yes,Yes,Yes
5865,Nadar Saraswathi College of Engineering and Technology Vadupudupatti Annanji,Theni District,AVADI,NIZARA EDUCATIONAL CAMPUS IAF  MUTHAPUDUPET AVADI,600055,9600025027,director@amsarch.ac.in,www.amsarch.ac.in,No,Yes,Yes,Yes
5902,Bharath Niketan Engineering College Thimmarasanaickanoor Aundipatti Theni,Theni District,GUMMIDIPOONDI,"RVS NAGAR SETHILPAKKAM  VILLAGE,ROSHANAGARAM  POST,MADARPAKKAM",601202,9962895678,rvspsoa@gmail.com,https://rvschennai.edu.in/,No,No,No,Yes
5904,K L N College of Engineering Autonomous Pottapalayam,Sivagangai District,SHOLIGANALLUR,"RAJIV GANDHI SALAI (OMR), JYOTHI  NAGAR, THORAIPAKKAM",600097,4424960292,mnmjsa@gmail.com,www.mnmjsa.ac.in,No,Yes,Yes,Yes
5907,Mohamed Sathak Engineering College Kilakarai,Ramanathapuram District,UTHUKOTTAI from,"NO 24, THUMBAKKAM, CHENNAI  THIRUPATHI HIGHWAY,NEAR  PERIYAPALAYAM AMMAN",601102,9710930025,director@caad.ac.in,www.caad.ac.in,No,Yes,Yes,Yes
5910,P S N A Colllege of Engineering and Technology,Dindigul District,THIRUPORUR,"34 OMR, IT HIGHWAY, EGATTUR",603103,4427470391,admin@msajaa.com,www.msajaa.com,No,Yes,Yes,Yes
5911,P T R College of Engineering and Technology Thanapandiyan Nagar Austinpatty,Madurai District,CHENNAI,36 ELEVENTH AVENUE ASHOK  NAGAR CHENNAI,600083,9176630072,vinodrajappa.pisa@gmail.com,https://papniarch.ac.in,No,Yes,Yes,Yes
5913,R V S College of Engineering N Paraipatti Post,Dindigul District,PERUNDURAI,"KEC CAMPUS,THOPPUPALYAM  ,PERUNUDRAI.",638060,9952412609,ksa@kongu.ac.in,http://www.ksakongu.edu.in/,No,Yes,Yes,Yes
5914,Solamalai College of Engineering Veerapanjan,Madurai District,MADUKKARAI,ACC PIRIVU NAVAKARAI POST  COIMBATORE,641112,9447972284,sanarchitecture7245@gmail.com,www.sanarch.in,No,Yes,Yes,Yes
5915,SACS-M A V M M Engineering College Kidaripatty Post,Madurai District,MADIPAKKAM,"RAM NAGR SOUTH , PELOT NO: 1638",600091,9500539327,director@scsa.ac.in,www.scsa.ac.in,No,Yes,Yes,Yes
5919,St. Michael College of Engineering and Technology Kalayarkoil,Sivagangai District,PERUR,"VELLIMALAIPATTINAM,  NARASIPURAM POST,  THONDAMUTHUR VIA",641109,9790038605,soaciet@gmail.com,www.soaciet.edu.in,No,Yes,Yes,Yes
5921,Syed Ammal Engineering College AchuthanVayal Post,Ramanathapuram District,COIMBATORE SOUTH,"VALLEY CAMPUS, POLLACHI  HIGHWAY, OTHAKALMANDAPAM",641032,8098786151,barch@hindusthan.net,www.hsoa.ac.in,No,Yes,Yes,Yes
5924,Ganapathy Chettiar College of Engineering and Technology Melakavanur Post,Ramanathapuram District,MADUKARAI from,"RATHINAM SCHOOL, OF  ARCHITECTURE, RATHINAM TECH  ZONE, POLLACHI MAIN ROAD",641021,9940814141,principal.rsa@rathinam.in,https://www.rathinamcollege.edu.in/architect,No,Yes,Yes,Yes
5930,SBM College of Engineering and Technology Thamaraipady T N ParaipattiPirivu,Dindigul District,KOMARAPALAYAM,"NH 544, SALEM MAIN ROAD, SANKARI  WEST POST, PALLKAPALAYAM",637303,9842716900,excelarch@gmail.com,www.excelinstitutions.com/excel,No,Yes,Yes,Yes
5935,Fatima Michael College of Engineering and Technology Sengottai Village,Madurai District,SULUR,"TCE CAMPUS, KARUMATHAMPATTI",641659,9442208932,info@tnsa.ac.in,www.tnsa.ac.in,No,Yes,Yes,Yes
5942,Ultra College of Engineering and Technology Kodikulam Bit Village Madurai-,Madurai District,UDHAGAMANDALAM,"5/635, PERAR, KOTAGIRI ROAD",643002,4232225970,ootyarchitecture@gmail.com,www.mcgansarch.com,No,Yes,Yes,Yes
5986,Velammal College of Engineering and Technology Autonomous,Madurai District,THONDAMUTHUR,"REC KALVI NAGAR, VIRALIYUR (PO),  THONDAMUTHUR (VIA),  COIMBATORE",641109,9500981246,raccbe2010@gmail.com,www.raccbe.ac.in,No,Yes,Yes,Yes
5988,Theni Kammavar Sangam College of Technology Theni Main Road Koduvillarpatti,Theni District,KILVELUR,"KOOHUR MAIN ROAD, KILVELUR",611104,9437020695,primearch2010@gmail.com,primearch.ac.in,No,Yes,Yes,Yes
5990,Latha Mathavan Engineering College Kidaripatti Post Alagarkoil Via Melur,Madurai District,MANNACHANALLUR,"VJP CAMPUS,  SIRUGANUR,TIRUCHIRAPPALLI",621105,9444144314,primenestindia@gmail.com,www.primenest.org,No,No,No,Yes
3802,Shri Angalamman College of Engineering and Technology Siruganoor,Siruganoor District,TRICHY,"NO 27 THAYANUR, DINDUGAL ROAD,  TRICHY",620009,9994165035,pshabitha@care.ac.in,www.care.ac.in/architecture,No,Yes,Yes,Yes
3859,Sembodai Rukmani Varadharajan Engineering College Sembodhai Village,Sembodhai Village District,VILAVANCODE,"MOODODU,ANDUCODE POST, NEAR  KUZHITHURAI,KANYAKUMARI  DISTRICT",629168,4651209028,sigmagroup155@gmail.com,www.sica.edu.in,No,Yes,Yes,Yes
5842,Madurai Institute of Engineering and Technology Pottapalayam Village,Pottapalayam Village District,DINDIGUL,"RVS NAGAR, N.PARAIPATTI, OLD  KARUR ROAD",624005,9597029632,rvssoadgl@rvsgroup.com,https://www.rvsarchdgl.ac.in,No,Yes,Yes,Yes
5851,Veeramal Engineering College PVP Nagar K. Singrakottai Dindigul-.,Dindigul-. 389 District,SULUR,"AVINASHI  ROAD,NH47,KANIYUR,DISTRICT:  COIMBATORE, STATE: TAMILNADU",641659,9443792222,pia@park.ac.in,http://www.park.ac.in/,No,Yes,Yes,Yes
1441,LIST OF COLLEGES Alphabetical Order TNEA S.No. Name of the College Page No. Code No. A K T Memorial College of Engineering and Technology Neelamangalam,Kallakurichi District,MAMBALAM/GUINDY,"SARDAR PATEL ROAD  GUINDY,CH-600025",600025,4422359295,deansap@annauniv.edu,www.annauniv.edu,Yes,Yes,Yes,No
1436,A R Engineering College Vadakuchipalayam Kappiyampuliyur Post Villupuram,Villupuram District,SRIPERUMBATUR,"SARATHY NAGAR, PUDUPER,  KUNDRATHUR",600069,4471119111,INFO@CITAR.IN,WWW.CITAR.IN,No,Yes,Yes,Yes
3821,A R J College of Engineering and Technology Mannargudi Taluk Thiruvarur,Thiruvarur District,TIRUCHENGODE,"K.S.R. KALVI NAGAR, TIRUCHENGODE",637215,4288274773,principal@ksriet.ac.in,www.ksriet.ac.in,Yes,Yes,Yes,Yes
1232,- A R M College of Engineering and Technology Sattamangalam,Chengalpattu District,SRIVILLIPUTTUR,"V.P.M.NAGAR, KRISHNANKOIL",626190,4563289337,vpmmarchitecture@gmail.com,www.vpmminstitutions.com,No,Yes,Yes,Yes
3801,A V C College of Engineering Mannampandal Post,MayiladuthuraiDistrict,SRIVILLIPUTTUR,VPM NAGAR KRISHNANKOIL,626190,4563289337,vpmmecw@rediffmail.com,www.vpmminstitutions.com,No,Yes,Yes,Yes
2636,A V S Engineering College Military Road Ammapet,Salem District,VIKKIRAVANDI,"NO:3/249,E.S.NAGAR,NH-45,  CHENNNAI TRUNK ROAD,  VILLUPURAM",605601,9585287662,admin@escet.in,https://escet.in/,No,Yes,Yes,Yes
4937,- A.R College of Engineering and Technology A.R Nagar Kadayam-Alangulam,Kadayam-Alangulam District,TIRUPATHUR,"MOLAGARAMPATTIVILLAGE,  ADIYUR POST",635602,8220789092,engineering@nandhanam.edu.in,www.nandhanam.edu.in,No,Yes,Yes,Yes
4680,AAA College of Engineering and Technology Kamarajar Educational Road,Virudhunagar District,KADAIYAMPATTI,"OPPOSITE SALEM AIRPORT,  SIKKANAMPATTI,OMALUR,SALEM-  636309",636309,4290233333,principal@dgct.ac.in,www.dgct.ac.in,No,Yes,Yes,Yes
1135,Aalim Muhammed Salegh Academy of Architecture Muthapudupet Avadi IAF,Avadi IAF District,MODAKURUCHI,"KARUNDEVANPALAYAM,NANJAI  UTHUKKULI POST, ERODE - 638104",638104,9677794947,alameenengg@yahoo.com,www.alameen.ac.in,Yes,Yes,Yes,Yes
1101,Aalim Muhammed Salegh College of Engineering Muthapudupet Avadi IAF,Avadi IAF District,SATHYAMANGALAM,SATHY-BHAVANI(STATEHIGHWAY)  ALATHUKOMBAI POST,638401,9942921289,stayahead@bitsathy.ac.in,bitsathy.ac.in,Yes,Yes,Yes,Yes
1233,Adhi College of Engineering and Technology Pazhayaseevaram Madura,Kancheepuram District,PATTUKKOTTAI from,UNIVERSITY COLLEGE OF  ENGINEERING COLLEGE  RAJAMADAMPATTUKKOTTAI,614701,8940738181,deanpktau@gmail.com,http://aucepkt.edu.in,No,Yes,Yes,No
1501,Adhiparasakthi College of Engineering Kalavai,Ranipet District,SIVAKASI,MEPCOENGINEERINGCOLLEGE(PO)-  626 005. VIRUDHUNAGAR DISTRICT,626005,7845305843,principal@mepcoeng.ac.in,www.mepcoeng.ac.in,Yes,Yes,Yes,Yes
1401,Adhiparasakthi Engineering College Melmaruvathur,Chengalpattu District,MADURAI EAST,S V RAJA NAGAR VEERAPANJAN,625020,8012506082,SOLAMALAI.SCEMDU@GMAIL.COM,WWW.SOLAMALAICE.AC.IN,No,Yes,Yes,Yes
2601,Adhiyamaan College of Engineering Autonomous Hosur,Krishnagiri District,UTTHUKOTTAI,"90, USHAA GARDEN, KANNIGAIPAIR  VILLAGE, NEAR REDHILLS,  THIRUVALLUR DISTRICT 601102",601102,9600057121,ao@jnn.edu.in,https://www.jnn.edu.in/,Yes,Yes,Yes,Yes
2744,Adithya Institute of Technology Kurumbapalayam Village,Coimbatore District,THATCHANALLUR,"CHIDHAMBARANAGAR,  THATCHANALLUR, TIRUNELVELI.",627358,9360904669,principal@tec-edu.in,https://tec-edu.in/,No,Yes,Yes,Yes
